Genero,avg(Precio)
Accounting;Animation & Modeling;Audio Production;Design & Illustration;Education;Photo Editing;Software Training;Utilities;Video Production;Web Publishing,11.390000343322754
Accounting;Education;Software Training;Utilities;Early Access,0.0
Action,8.43574522084337
Action;Adventure,11.939431151230178
Action;Adventure;Casual,4.897241350905649
Action;Adventure;Casual;Free to Play;Early Access,0.0
Action;Adventure;Casual;Free to Play;Indie,0.0
Action;Adventure;Casual;Free to Play;Indie;Early Access,0.0
Action;Adventure;Casual;Free to Play;Indie;Massively Multiplayer,0.0
Action;Adventure;Casual;Free to Play;Indie;Massively Multiplayer;Early Access,0.0
Action;Adventure;Casual;Free to Play;Indie;Massively Multiplayer;RPG;Early Access,0.0
Action;Adventure;Casual;Free to Play;Indie;Massively Multiplayer;RPG;Simulation,0.0
Action;Adventure;Casual;Free to Play;Indie;Massively Multiplayer;Racing;RPG;Simulation;Sports;Strategy,7.423333326975505
Action;Adventure;Casual;Free to Play;Indie;Massively Multiplayer;Racing;Simulation;Sports;Early Access,0.0
Action;Adventure;Casual;Free to Play;Indie;Massively Multiplayer;Simulation;Strategy,0.0
Action;Adventure;Casual;Free to Play;Indie;Massively Multiplayer;Strategy,0.0
Action;Adventure;Casual;Free to Play;Indie;RPG,0.2633333404858907
Action;Adventure;Casual;Free to Play;Indie;RPG;Early Access,0.0
Action;Adventure;Casual;Free to Play;Indie;RPG;Simulation;Sports;Strategy,0.7900000214576721
Action;Adventure;Casual;Free to Play;Indie;RPG;Simulation;Strategy,0.0
Action;Adventure;Casual;Free to Play;Indie;RPG;Strategy,0.0
Action;Adventure;Casual;Free to Play;Indie;RPG;Strategy;Early Access,0.0
Action;Adventure;Casual;Free to Play;Indie;Racing;RPG;Simulation;Sports,2.9925000071525574
Action;Adventure;Casual;Free to Play;Indie;Racing;RPG;Simulation;Strategy,0.0
Action;Adventure;Casual;Free to Play;Indie;Simulation,0.0
Action;Adventure;Casual;Free to Play;Indie;Simulation;Early Access,0.0
Action;Adventure;Casual;Free to Play;Indie;Simulation;Strategy,0.0
Action;Adventure;Casual;Free to Play;Massively Multiplayer,0.0
Action;Adventure;Casual;Free to Play;Massively Multiplayer;RPG,0.0
Action;Adventure;Casual;Free to Play;Massively Multiplayer;RPG;Simulation,0.0
Action;Adventure;Casual;Free to Play;Massively Multiplayer;RPG;Simulation;Strategy,0.0
Action;Adventure;Casual;Free to Play;Massively Multiplayer;Racing;RPG;Simulation,0.0
Action;Adventure;Casual;Free to Play;Massively Multiplayer;Simulation;Sports,0.0
Action;Adventure;Casual;Free to Play;Massively Multiplayer;Simulation;Sports;Strategy,0.0
Action;Adventure;Casual;Free to Play;Massively Multiplayer;Sports;Early Access,0.0
Action;Adventure;Casual;Free to Play;RPG;Strategy,0.0
Action;Adventure;Casual;Free to Play;Racing;Simulation;Sports,0.0
Action;Adventure;Casual;Indie,3.820043738613504
Action;Adventure;Casual;Indie;Early Access,5.170185192867562
Action;Adventure;Casual;Indie;Massively Multiplayer,5.0042857101985385
Action;Adventure;Casual;Indie;Massively Multiplayer;Early Access,7.356666584809621
Action;Adventure;Casual;Indie;Massively Multiplayer;RPG,1.690000057220459
Action;Adventure;Casual;Indie;Massively Multiplayer;RPG;Simulation;Strategy;Early Access,15.489999771118164
Action;Adventure;Casual;Indie;Massively Multiplayer;RPG;Strategy;Early Access,15.489999771118164
Action;Adventure;Casual;Indie;Massively Multiplayer;Racing;RPG;Simulation;Sports;Strategy,1.89000004529953
Action;Adventure;Casual;Indie;Massively Multiplayer;Simulation,2.9233333667119346
Action;Adventure;Casual;Indie;Massively Multiplayer;Simulation;Early Access,11.989999771118164
Action;Adventure;Casual;Indie;Massively Multiplayer;Simulation;Strategy,7.989999771118164
Action;Adventure;Casual;Indie;Massively Multiplayer;Strategy,3.189999997615814
Action;Adventure;Casual;Indie;RPG,4.676279050666232
Action;Adventure;Casual;Indie;RPG;Early Access,6.843333331743876
Action;Adventure;Casual;Indie;RPG;Simulation,3.413809529372624
Action;Adventure;Casual;Indie;RPG;Simulation;Early Access,5.465000137686729
Action;Adventure;Casual;Indie;RPG;Simulation;Sports;Strategy,2.890000104904175
Action;Adventure;Casual;Indie;RPG;Simulation;Strategy,4.642608694408251
Action;Adventure;Casual;Indie;RPG;Simulation;Strategy;Early Access,12.515000119805336
Action;Adventure;Casual;Indie;RPG;Sports,1.2400000393390656
Action;Adventure;Casual;Indie;RPG;Strategy,4.131379291929048
Action;Adventure;Casual;Indie;RPG;Strategy;Early Access,8.239999830722809
Action;Adventure;Casual;Indie;Racing,4.1400000005960464
Action;Adventure;Casual;Indie;Racing;Early Access,4.523333251476288
Action;Adventure;Casual;Indie;Racing;RPG;Simulation;Early Access,8.989999771118164
Action;Adventure;Casual;Indie;Racing;RPG;Simulation;Sports,10.539999961853027
Action;Adventure;Casual;Indie;Racing;RPG;Simulation;Sports;Strategy,12.740000486373901
Action;Adventure;Casual;Indie;Racing;RPG;Simulation;Sports;Strategy;Early Access,13.489999771118164
Action;Adventure;Casual;Indie;Racing;RPG;Simulation;Strategy;Early Access,6.989999771118164
Action;Adventure;Casual;Indie;Racing;Simulation,4.54454542831941
Action;Adventure;Casual;Indie;Racing;Simulation;Early Access,4.989999771118164
Action;Adventure;Casual;Indie;Racing;Simulation;Sports,4.84000001847744
Action;Adventure;Casual;Indie;Racing;Simulation;Sports;Early Access,7.190000057220459
Action;Adventure;Casual;Indie;Racing;Simulation;Sports;Strategy,2.3900000154972076
Action;Adventure;Casual;Indie;Racing;Simulation;Strategy;Early Access,7.190000057220459
Action;Adventure;Casual;Indie;Racing;Sports,7.494999885559082
Action;Adventure;Casual;Indie;Racing;Sports;Early Access,0.7900000214576721
Action;Adventure;Casual;Indie;Racing;Sports;Strategy,3.990000009536743
Action;Adventure;Casual;Indie;Racing;Strategy,2.3900000154972076
Action;Adventure;Casual;Indie;Simulation,4.080289845881254
Action;Adventure;Casual;Indie;Simulation;Early Access,6.070000052452087
Action;Adventure;Casual;Indie;Simulation;Sports,4.112222207917108
Action;Adventure;Casual;Indie;Simulation;Sports;Early Access,3.990000009536743
Action;Adventure;Casual;Indie;Simulation;Sports;Strategy,2.3900000154972076
Action;Adventure;Casual;Indie;Simulation;Strategy,6.076363574374806
Action;Adventure;Casual;Indie;Simulation;Strategy;Early Access,6.749999868869781
Action;Adventure;Casual;Indie;Sports,1.0150000303983688
Action;Adventure;Casual;Indie;Sports;Early Access,7.489999890327454
Action;Adventure;Casual;Indie;Sports;Strategy,1.690000057220459
Action;Adventure;Casual;Indie;Strategy,4.010519483646789
Action;Adventure;Casual;Indie;Strategy;Early Access,6.011428513697216
Action;Adventure;Casual;Massively Multiplayer,15.260000546773275
Action;Adventure;Casual;Massively Multiplayer;RPG;Simulation,11.390000343322754
Action;Adventure;Casual;Massively Multiplayer;RPG;Strategy;Early Access,19.489999771118164
Action;Adventure;Casual;RPG,8.635555724302927
Action;Adventure;Casual;RPG;Early Access,5.590000152587891
Action;Adventure;Casual;RPG;Simulation,6.989999771118164
Action;Adventure;Casual;RPG;Strategy,15.489999771118164
Action;Adventure;Casual;Racing,6.064999938011169
Action;Adventure;Casual;Racing;RPG;Early Access,0.0
Action;Adventure;Casual;Racing;RPG;Simulation;Sports;Strategy,1.690000057220459
Action;Adventure;Casual;Racing;RPG;Sports;Strategy,6.989999771118164
Action;Adventure;Casual;Racing;Simulation;Sports,4.190000057220459
Action;Adventure;Casual;Simulation,5.224444415834215
Action;Adventure;Casual;Simulation;Sports;Strategy;Early Access,7.190000057220459
Action;Adventure;Casual;Simulation;Strategy,0.7900000214576721
Action;Adventure;Casual;Sports,7.190000057220459
Action;Adventure;Casual;Sports;Strategy;Early Access,10.989999771118164
Action;Adventure;Casual;Strategy,4.029999959468841
Action;Adventure;Casual;Strategy;Early Access,5.390000104904175
Action;Adventure;Early Access,9.285499969124794
Action;Adventure;Early Access;Indie;Strategy,6.989999771118164
Action;Adventure;Free to Play,0.0
Action;Adventure;Free to Play;Early Access,11.390000343322754
Action;Adventure;Free to Play;Indie,0.0
Action;Adventure;Free to Play;Indie;Early Access,0.0
Action;Adventure;Free to Play;Indie;Massively Multiplayer,0.0
Action;Adventure;Free to Play;Indie;Massively Multiplayer;Early Access,0.0
Action;Adventure;Free to Play;Indie;Massively Multiplayer;RPG,0.0
Action;Adventure;Free to Play;Indie;Massively Multiplayer;RPG;Early Access,0.0
Action;Adventure;Free to Play;Indie;Massively Multiplayer;RPG;Strategy,0.0
Action;Adventure;Free to Play;Indie;Massively Multiplayer;Racing;RPG;Strategy;Early Access,0.0
Action;Adventure;Free to Play;Indie;Massively Multiplayer;Strategy;Early Access,1.9950000047683716
Action;Adventure;Free to Play;Indie;RPG,0.0
Action;Adventure;Free to Play;Indie;RPG;Early Access,0.0
Action;Adventure;Free to Play;Indie;RPG;Simulation;Early Access,0.0
Action;Adventure;Free to Play;Indie;RPG;Strategy,0.0
Action;Adventure;Free to Play;Indie;Simulation,0.0
Action;Adventure;Free to Play;Indie;Simulation;Strategy,0.0
Action;Adventure;Free to Play;Indie;Strategy,0.0
Action;Adventure;Free to Play;Indie;Strategy;Early Access,0.0
Action;Adventure;Free to Play;Massively Multiplayer,0.0
Action;Adventure;Free to Play;Massively Multiplayer;RPG,0.0
Action;Adventure;Free to Play;Massively Multiplayer;RPG;Strategy,0.0
Action;Adventure;Free to Play;RPG,0.0
Action;Adventure;Free to Play;RPG;Early Access,0.0
Action;Adventure;Free to Play;RPG;Simulation,0.0
Action;Adventure;Free to Play;RPG;Simulation;Early Access,0.0
Action;Adventure;Free to Play;RPG;Strategy;Early Access,0.0
Action;Adventure;Free to Play;Racing;Sports;Early Access,6.989999771118164
Action;Adventure;Free to Play;Simulation,0.0
Action;Adventure;Free to Play;Simulation;Sports,0.0
Action;Adventure;Indie,5.856615990274566
Action;Adventure;Indie;Early Access,7.2925953687602325
Action;Adventure;Indie;Massively Multiplayer,6.139999985694885
Action;Adventure;Indie;Massively Multiplayer;Early Access,11.339999854564667
Action;Adventure;Indie;Massively Multiplayer;RPG,11.913846524862143
Action;Adventure;Indie;Massively Multiplayer;RPG;Early Access,10.923333174652523
Action;Adventure;Indie;Massively Multiplayer;RPG;Simulation,10.989999771118164
Action;Adventure;Indie;Massively Multiplayer;RPG;Simulation;Early Access,8.65666643778483
Action;Adventure;Indie;Massively Multiplayer;RPG;Simulation;Strategy,19.489999771118164
Action;Adventure;Indie;Massively Multiplayer;RPG;Simulation;Strategy;Early Access,15.739999771118164
Action;Adventure;Indie;Massively Multiplayer;RPG;Strategy;Early Access,2.7899999618530273
Action;Adventure;Indie;Massively Multiplayer;Racing;Simulation,3.990000009536743
Action;Adventure;Indie;Massively Multiplayer;Simulation,2.4400000125169754
Action;Adventure;Indie;Massively Multiplayer;Simulation;Early Access,9.112857069287982
Action;Adventure;Indie;Massively Multiplayer;Simulation;Strategy,2.950000047683716
Action;Adventure;Indie;Massively Multiplayer;Simulation;Strategy;Early Access,29.989999771118164
Action;Adventure;Indie;RPG,7.183154508142441
Action;Adventure;Indie;RPG;Early Access,8.561574020319515
Action;Adventure;Indie;RPG;Simulation,6.345999968051911
Action;Adventure;Indie;RPG;Simulation;Early Access,11.7450000166893
Action;Adventure;Indie;RPG;Simulation;Sports,14.989999771118164
Action;Adventure;Indie;RPG;Simulation;Sports;Strategy,5.190000057220459
Action;Adventure;Indie;RPG;Simulation;Strategy,9.52999986410141
Action;Adventure;Indie;RPG;Simulation;Strategy;Early Access,8.902499914169312
Action;Adventure;Indie;RPG;Sports,11.390000343322754
Action;Adventure;Indie;RPG;Sports;Strategy;Early Access,6.989999771118164
Action;Adventure;Indie;RPG;Strategy,6.345740692483054
Action;Adventure;Indie;RPG;Strategy;Early Access,5.793499976396561
Action;Adventure;Indie;Racing,4.625294047243455
Action;Adventure;Indie;Racing;Early Access,7.189999938011169
Action;Adventure;Indie;Racing;RPG,5.190000057220459
Action;Adventure;Indie;Racing;RPG;Simulation;Early Access,15.489999771118164
Action;Adventure;Indie;Racing;RPG;Sports,5.190000057220459
Action;Adventure;Indie;Racing;RPG;Strategy,2.890000104904175
Action;Adventure;Indie;Racing;Simulation,4.164999961853027
Action;Adventure;Indie;Racing;Simulation;Early Access,19.489999771118164
Action;Adventure;Indie;Racing;Simulation;Sports,2.7899999618530273
Action;Adventure;Indie;Racing;Simulation;Sports;Early Access,11.239999771118164
Action;Adventure;Indie;Racing;Sports,4.456666707992554
Action;Adventure;Indie;Racing;Sports;Strategy,2.7899999618530273
Action;Adventure;Indie;Racing;Strategy,1.8400000631809235
Action;Adventure;Indie;Simulation,6.177926805688114
Action;Adventure;Indie;Simulation;Early Access,9.615555483433935
Action;Adventure;Indie;Simulation;Sports,6.39000004529953
Action;Adventure;Indie;Simulation;Sports;Early Access,1.590000033378601
Action;Adventure;Indie;Simulation;Strategy,7.023333283265432
Action;Adventure;Indie;Simulation;Strategy;Early Access,9.949999904632568
Action;Adventure;Indie;Sports,3.7300000548362733
Action;Adventure;Indie;Sports;Early Access,5.990000009536743
Action;Adventure;Indie;Strategy,5.561607119228158
Action;Adventure;Indie;Strategy;Early Access,9.12076917061439
Action;Adventure;Massively Multiplayer,15.65666683514913
Action;Adventure;Massively Multiplayer;Early Access,3.440000057220459
Action;Adventure;Massively Multiplayer;RPG,7.456666787465413
Action;Adventure;Massively Multiplayer;RPG;Early Access,15.415000259876251
Action;Adventure;Massively Multiplayer;RPG;Simulation;Early Access,8.460000038146973
Action;Adventure;Massively Multiplayer;RPG;Simulation;Strategy,20.656667073567707
Action;Adventure;Massively Multiplayer;RPG;Strategy;Early Access,11.390000343322754
Action;Adventure;Massively Multiplayer;Racing;Early Access,5.789999961853027
Action;Adventure;Massively Multiplayer;Racing;Simulation,4.789999961853027
Action;Adventure;Massively Multiplayer;Simulation,13.239999771118164
Action;Adventure;Massively Multiplayer;Simulation;Early Access,12.290000468492508
Action;Adventure;Massively Multiplayer;Simulation;Strategy;Early Access,7.420000076293945
Action;Adventure;Massively Multiplayer;Strategy;Early Access,15.489999771118164
Action;Adventure;RPG,12.945679009696583
Action;Adventure;RPG;Early Access,9.945555422041151
Action;Adventure;RPG;Simulation,0.7900000214576721
Action;Adventure;RPG;Simulation;Sports;Strategy,0.0
Action;Adventure;RPG;Simulation;Strategy,10.889999866485596
Action;Adventure;RPG;Sports;Early Access,15.489999771118164
Action;Adventure;RPG;Strategy,6.418571429593222
Action;Adventure;RPG;Strategy;Early Access,3.990000009536743
Action;Adventure;Racing,8.439999915659428
Action;Adventure;Racing;Early Access,4.990000009536743
Action;Adventure;Racing;RPG,19.489999771118164
Action;Adventure;Racing;RPG;Simulation,4.989999771118164
Action;Adventure;Racing;Simulation;Early Access,9.739999890327454
Action;Adventure;Racing;Simulation;Strategy,7.190000057220459
Action;Adventure;Simulation,6.120833297570546
Action;Adventure;Simulation;Early Access,10.08999981880188
Action;Adventure;Simulation;Strategy,4.110000085830689
Action;Adventure;Simulation;Strategy;Early Access,11.390000343322754
Action;Adventure;Sports,6.090000182390213
Action;Adventure;Strategy,7.372608708298725
Action;Adventure;Strategy;Early Access,3.990000009536743
Action;Casual,4.2582177885688175
Action;Casual;Early Access,1.7174999862909317
Action;Casual;Free to Play,0.5700000013623919
Action;Casual;Free to Play;Indie,0.0
Action;Casual;Free to Play;Indie;Early Access,0.0
Action;Casual;Free to Play;Indie;Massively Multiplayer,0.7950000166893005
Action;Casual;Free to Play;Indie;Massively Multiplayer;Early Access,0.0
Action;Casual;Free to Play;Indie;Massively Multiplayer;RPG;Simulation;Strategy,0.0
Action;Casual;Free to Play;Indie;Massively Multiplayer;Simulation,0.0
Action;Casual;Free to Play;Indie;RPG,0.0
Action;Casual;Free to Play;Indie;RPG;Simulation;Strategy,2.0
Action;Casual;Free to Play;Indie;RPG;Sports;Early Access,0.0
Action;Casual;Free to Play;Indie;RPG;Strategy,0.0
Action;Casual;Free to Play;Indie;Racing,0.0
Action;Casual;Free to Play;Indie;Racing;Simulation;Sports;Early Access,0.0
Action;Casual;Free to Play;Indie;Racing;Sports;Early Access,0.0
Action;Casual;Free to Play;Indie;Simulation,0.0
Action;Casual;Free to Play;Indie;Simulation;Sports,0.0
Action;Casual;Free to Play;Indie;Simulation;Sports;Early Access,0.0
Action;Casual;Free to Play;Indie;Simulation;Strategy,0.0
Action;Casual;Free to Play;Indie;Simulation;Strategy;Early Access,0.0
Action;Casual;Free to Play;Indie;Sports,0.0
Action;Casual;Free to Play;Indie;Strategy,1.4237500429153442
Action;Casual;Free to Play;Indie;Strategy;Early Access,3.990000009536743
Action;Casual;Free to Play;Massively Multiplayer,0.0
Action;Casual;Free to Play;Massively Multiplayer;Simulation;Sports,0.0
Action;Casual;Free to Play;Massively Multiplayer;Simulation;Strategy,0.0
Action;Casual;Free to Play;Massively Multiplayer;Sports,0.0
Action;Casual;Free to Play;Massively Multiplayer;Strategy;Early Access,0.0
Action;Casual;Free to Play;RPG;Simulation;Strategy,0.0
Action;Casual;Free to Play;Simulation;Early Access,0.0
Action;Casual;Free to Play;Simulation;Strategy,0.0
Action;Casual;Free to Play;Strategy,0.0
Action;Casual;Indie,3.3329979394862783
Action;Casual;Indie;Early Access,5.305909045717933
Action;Casual;Indie;Massively Multiplayer,4.490000057220459
Action;Casual;Indie;Massively Multiplayer;Early Access,2.3900000154972076
Action;Casual;Indie;Massively Multiplayer;RPG;Early Access,5.590000033378601
Action;Casual;Indie;Massively Multiplayer;RPG;Simulation,4.989999771118164
Action;Casual;Indie;Massively Multiplayer;RPG;Simulation;Early Access,3.990000009536743
Action;Casual;Indie;Massively Multiplayer;Racing,2.0899999141693115
Action;Casual;Indie;Massively Multiplayer;Simulation,4.9899998505910235
Action;Casual;Indie;Massively Multiplayer;Simulation;Early Access,6.139999985694885
Action;Casual;Indie;Massively Multiplayer;Simulation;Sports,1.9950000047683716
Action;Casual;Indie;Massively Multiplayer;Simulation;Strategy,0.7900000214576721
Action;Casual;Indie;Massively Multiplayer;Simulation;Strategy;Early Access,1.590000033378601
Action;Casual;Indie;Massively Multiplayer;Sports;Early Access,0.0
Action;Casual;Indie;Massively Multiplayer;Sports;Strategy,5.190000057220459
Action;Casual;Indie;Massively Multiplayer;Strategy,0.39500001072883606
Action;Casual;Indie;Massively Multiplayer;Strategy;Early Access,3.523333251476288
Action;Casual;Indie;RPG,3.2733333475059934
Action;Casual;Indie;RPG;Early Access,3.6900000095367433
Action;Casual;Indie;RPG;Simulation,4.247142808777945
Action;Casual;Indie;RPG;Simulation;Sports;Strategy,0.0
Action;Casual;Indie;RPG;Simulation;Strategy,5.690000057220459
Action;Casual;Indie;RPG;Sports,6.590000033378601
Action;Casual;Indie;RPG;Sports;Early Access,1.690000057220459
Action;Casual;Indie;RPG;Sports;Strategy;Early Access,5.590000152587891
Action;Casual;Indie;RPG;Strategy,3.6233333746592202
Action;Casual;Indie;RPG;Strategy;Early Access,5.659999926884969
Action;Casual;Indie;Racing,3.481315757098951
Action;Casual;Indie;Racing;Early Access,2.889999955892563
Action;Casual;Indie;Racing;RPG;Simulation;Sports;Early Access,7.190000057220459
Action;Casual;Indie;Racing;RPG;Simulation;Strategy;Early Access,26.989999771118164
Action;Casual;Indie;Racing;Simulation,4.998333265384038
Action;Casual;Indie;Racing;Simulation;Sports,7.097142777272633
Action;Casual;Indie;Racing;Simulation;Sports;Early Access,4.789999961853027
Action;Casual;Indie;Racing;Simulation;Sports;Strategy,2.3900000154972076
Action;Casual;Indie;Racing;Simulation;Sports;Strategy;Early Access,13.989999771118164
Action;Casual;Indie;Racing;Simulation;Strategy,7.139999896287918
Action;Casual;Indie;Racing;Sports,5.602499954402447
Action;Casual;Indie;Racing;Sports;Early Access,10.889999866485596
Action;Casual;Indie;Racing;Sports;Strategy;Early Access,1.690000057220459
Action;Casual;Indie;Racing;Strategy,4.989999771118164
Action;Casual;Indie;Simulation,3.5232940912246704
Action;Casual;Indie;Simulation;Early Access,6.051538398632636
Action;Casual;Indie;Simulation;Sports,6.078888856702381
Action;Casual;Indie;Simulation;Sports;Early Access,6.534444464577569
Action;Casual;Indie;Simulation;Sports;Strategy,12.989999771118164
Action;Casual;Indie;Simulation;Strategy,6.104893534741503
Action;Casual;Indie;Simulation;Strategy;Early Access,7.930999934673309
Action;Casual;Indie;Sports,5.39055550981451
Action;Casual;Indie;Sports;Early Access,7.113846063613892
Action;Casual;Indie;Sports;Strategy,5.789999902248383
Action;Casual;Indie;Strategy,4.31666663976816
Action;Casual;Indie;Strategy;Early Access,4.7185713819095065
Action;Casual;Massively Multiplayer,0.0
Action;Casual;Massively Multiplayer;Racing;Simulation;Sports;Early Access,6.989999771118164
Action;Casual;Massively Multiplayer;Simulation;Strategy,3.990000009536743
Action;Casual;Massively Multiplayer;Strategy;Early Access,3.990000009536743
Action;Casual;RPG,4.5899999141693115
Action;Casual;RPG;Sports,13.989999771118164
Action;Casual;RPG;Strategy,1.690000057220459
Action;Casual;Racing,7.561428444726126
Action;Casual;Racing;Simulation,0.7900000214576721
Action;Casual;Racing;Simulation;Sports,8.789999842643738
Action;Casual;Racing;Sports,3.990000009536743
Action;Casual;Simulation,5.750312473624945
Action;Casual;Simulation;Early Access,3.5899999290704727
Action;Casual;Simulation;Sports,6.896249920129776
Action;Casual;Simulation;Sports;Early Access,7.190000057220459
Action;Casual;Simulation;Sports;Strategy,18.739999771118164
Action;Casual;Simulation;Strategy,7.881666521231334
Action;Casual;Simulation;Strategy;Early Access,3.990000009536743
Action;Casual;Sports,7.301111009385851
Action;Casual;Strategy,4.619285647358213
Action;Casual;Strategy;Early Access,1.795000046491623
Action;Early Access,8.302173881427102
Action;Free to Play,0.0
Action;Free to Play;Early Access,0.0
Action;Free to Play;Indie,0.0
Action;Free to Play;Indie;Early Access,0.0
Action;Free to Play;Indie;Massively Multiplayer,0.0
Action;Free to Play;Indie;Massively Multiplayer;Early Access,0.0
Action;Free to Play;Indie;Massively Multiplayer;RPG,0.0
Action;Free to Play;Indie;Massively Multiplayer;RPG;Early Access,0.0
Action;Free to Play;Indie;Massively Multiplayer;RPG;Simulation,0.0
Action;Free to Play;Indie;Massively Multiplayer;RPG;Simulation;Strategy;Early Access,0.0
Action;Free to Play;Indie;Massively Multiplayer;Racing;Simulation;Early Access,0.0
Action;Free to Play;Indie;Massively Multiplayer;Racing;Sports;Strategy,0.0
Action;Free to Play;Indie;Massively Multiplayer;Simulation,0.0
Action;Free to Play;Indie;Massively Multiplayer;Sports,0.0
Action;Free to Play;Indie;Massively Multiplayer;Strategy,0.0
Action;Free to Play;Indie;Massively Multiplayer;Strategy;Early Access,0.0
Action;Free to Play;Indie;RPG,0.0
Action;Free to Play;Indie;RPG;Early Access,0.0
Action;Free to Play;Indie;RPG;Strategy,0.0
Action;Free to Play;Indie;RPG;Strategy;Early Access,0.0
Action;Free to Play;Indie;Racing,0.0
Action;Free to Play;Indie;Racing;Simulation;Sports;Early Access,0.0
Action;Free to Play;Indie;Racing;Strategy,0.0
Action;Free to Play;Indie;Simulation,0.0
Action;Free to Play;Indie;Simulation;Early Access,0.0
Action;Free to Play;Indie;Simulation;Sports,0.0
Action;Free to Play;Indie;Simulation;Strategy,0.0
Action;Free to Play;Indie;Sports;Early Access,0.0
Action;Free to Play;Indie;Strategy,0.0
Action;Free to Play;Indie;Strategy;Early Access,0.0
Action;Free to Play;Massively Multiplayer,0.0
Action;Free to Play;Massively Multiplayer;Early Access,0.0
Action;Free to Play;Massively Multiplayer;RPG,0.0
Action;Free to Play;Massively Multiplayer;RPG;Early Access,0.0
Action;Free to Play;Massively Multiplayer;RPG;Simulation;Strategy,0.0
Action;Free to Play;Massively Multiplayer;RPG;Strategy,3.7966667811075845
Action;Free to Play;Massively Multiplayer;Racing,0.0
Action;Free to Play;Massively Multiplayer;Racing;Early Access,0.0
Action;Free to Play;Massively Multiplayer;Racing;Sports;Strategy,0.0
Action;Free to Play;Massively Multiplayer;Simulation,0.0
Action;Free to Play;Massively Multiplayer;Simulation;Early Access,0.0
Action;Free to Play;Massively Multiplayer;Simulation;Sports,0.0
Action;Free to Play;Massively Multiplayer;Simulation;Strategy,0.0
Action;Free to Play;Massively Multiplayer;Strategy,0.0
Action;Free to Play;Massively Multiplayer;Strategy;Early Access,0.0
Action;Free to Play;RPG,0.0
Action;Free to Play;RPG;Strategy,0.0
Action;Free to Play;Racing;Sports,0.0
Action;Free to Play;Simulation,0.0
Action;Free to Play;Simulation;Sports,0.0
Action;Free to Play;Simulation;Sports;Early Access,0.0
Action;Free to Play;Simulation;Strategy,0.0
Action;Free to Play;Sports,0.0
Action;Free to Play;Sports;Early Access,0.0
Action;Free to Play;Strategy,0.0
Action;Free to Play;Strategy;Early Access,0.0
Action;Indie,4.951502202404454
Action;Indie;Casual,5.189999878406525
Action;Indie;Early Access,7.440636666749747
Action;Indie;Massively Multiplayer,5.0264285164219995
Action;Indie;Massively Multiplayer;Early Access,6.297857084444591
Action;Indie;Massively Multiplayer;RPG,6.090000182390213
Action;Indie;Massively Multiplayer;RPG;Early Access,11.539999842643738
Action;Indie;Massively Multiplayer;RPG;Simulation;Early Access,9.989999771118164
Action;Indie;Massively Multiplayer;RPG;Strategy;Early Access,14.989999771118164
Action;Indie;Massively Multiplayer;Racing,0.7900000214576721
Action;Indie;Massively Multiplayer;Racing;Simulation;Sports,1.690000057220459
Action;Indie;Massively Multiplayer;Simulation,0.0
Action;Indie;Massively Multiplayer;Simulation;Early Access,8.514999985694885
Action;Indie;Massively Multiplayer;Simulation;Strategy,24.5
Action;Indie;Massively Multiplayer;Simulation;Strategy;Early Access,2.0899999141693115
Action;Indie;Massively Multiplayer;Strategy,6.539999961853027
Action;Indie;Massively Multiplayer;Strategy;Early Access,3.5950000286102295
Action;Indie;RPG,6.6989636699152735
Action;Indie;RPG;Early Access,7.923043454470842
Action;Indie;RPG;Simulation,9.864999890327454
Action;Indie;RPG;Simulation;Early Access,6.722500003874302
Action;Indie;RPG;Simulation;Sports;Early Access,1.690000057220459
Action;Indie;RPG;Simulation;Strategy,11.089999846049718
Action;Indie;RPG;Sports,8.989999771118164
Action;Indie;RPG;Strategy,10.047428459780557
Action;Indie;RPG;Strategy;Early Access,6.341250061988831
Action;Indie;Racing,6.053235224941197
Action;Indie;Racing;Early Access,6.001111023955875
Action;Indie;Racing;RPG;Simulation,8.989999771118164
Action;Indie;Racing;RPG;Simulation;Strategy,5.789999961853027
Action;Indie;Racing;Simulation,7.219999891519547
Action;Indie;Racing;Simulation;Early Access,8.43999993801117
Action;Indie;Racing;Simulation;Sports,9.697333323955537
Action;Indie;Racing;Simulation;Sports;Early Access,14.615000128746033
Action;Indie;Racing;Simulation;Sports;Strategy,14.989999771118164
Action;Indie;Racing;Simulation;Strategy,7.190000057220459
Action;Indie;Racing;Sports,11.260000036822426
Action;Indie;Racing;Sports;Early Access,6.465000033378601
Action;Indie;Racing;Strategy,7.856666564941406
Action;Indie;Simulation,5.169639608344516
Action;Indie;Simulation;Early Access,10.143846064041822
Action;Indie;Simulation;Sports,6.242857155345735
Action;Indie;Simulation;Sports;Early Access,7.759999903348776
Action;Indie;Simulation;Sports;Strategy,7.864999949932098
Action;Indie;Simulation;Strategy,7.275588140768163
Action;Indie;Simulation;Strategy;Early Access,9.247142800262996
Action;Indie;Sports,7.332586151772532
Action;Indie;Sports;Early Access,8.446249850094318
Action;Indie;Sports;Strategy,1.590000033378601
Action;Indie;Sports;Strategy;Early Access,4.539999842643738
Action;Indie;Strategy,6.679082076330691
Action;Indie;Strategy;Early Access,8.836521664391393
Action;Massively Multiplayer,5.7750000556310015
Action;Massively Multiplayer;Early Access,6.293333222468694
Action;Massively Multiplayer;RPG,6.0899999141693115
Action;Massively Multiplayer;RPG;Early Access,2.0266666412353516
Action;Massively Multiplayer;RPG;Strategy,6.989999771118164
Action;Massively Multiplayer;Racing,29.656667073567707
Action;Massively Multiplayer;Racing;RPG;Simulation;Early Access,0.0
Action;Massively Multiplayer;Racing;Simulation,1.690000057220459
Action;Massively Multiplayer;Simulation,12.039999842643738
Action;Massively Multiplayer;Simulation;Early Access,12.993333180745443
Action;Massively Multiplayer;Simulation;Strategy,18.989999771118164
Action;Massively Multiplayer;Strategy,15.489999771118164
Action;Massively Multiplayer;Strategy;Early Access,6.989999771118164
Action;RPG,13.314698785184378
Action;RPG;Early Access,7.548571348190308
Action;RPG;Indie,6.15666651725769
Action;RPG;Simulation,11.231999921798707
Action;RPG;Simulation;Early Access,11.390000343322754
Action;RPG;Simulation;Strategy,18.989999771118164
Action;RPG;Sports;Early Access,11.390000343322754
Action;RPG;Strategy,16.73100004196167
Action;RPG;Strategy;Early Access,6.989999771118164
Action;Racing,6.918717881043752
Action;Racing;Early Access,5.370000004768372
Action;Racing;RPG,5.590000152587891
Action;Racing;Simulation,3.15666671593984
Action;Racing;Simulation;Sports,6.552499927580357
Action;Racing;Sports,8.773333191871643
Action;Racing;Sports;Early Access,19.489999771118164
Action;Racing;Strategy,1.590000033378601
Action;Simulation,10.120476208035909
Action;Simulation;Early Access,9.31333323319753
Action;Simulation;Sports,2.9910000264644623
Action;Simulation;Sports;Strategy,7.489999771118164
Action;Simulation;Strategy,20.612143218517303
Action;Simulation;Strategy;Early Access,5.423333247502645
Action;Sports,9.684000182151795
Action;Sports;Early Access,5.489999890327454
Action;Sports;Strategy,9.989999771118164
Action;Sports;Strategy;Early Access,10.989999771118164
Action;Strategy,8.276197143003975
Action;Strategy;Casual,6.989999771118164
Action;Strategy;Early Access,7.489999905228615
Action;Strategy;Indie,3.539999842643738
Action;Strategy;Indie;Sports,3.990000009536743
Adventure,8.25945559492515
Adventure;Casual,6.713036357994504
Adventure;Casual;Early Access,5.442499995231628
Adventure;Casual;Free to Play,0.0
Adventure;Casual;Free to Play;Early Access,0.0
Adventure;Casual;Free to Play;Indie,0.05042553328453226
Adventure;Casual;Free to Play;Indie;Early Access,0.0
Adventure;Casual;Free to Play;Indie;Massively Multiplayer;RPG;Strategy,0.0
Adventure;Casual;Free to Play;Indie;Massively Multiplayer;Simulation,0.0
Adventure;Casual;Free to Play;Indie;RPG,0.0
Adventure;Casual;Free to Play;Indie;RPG;Early Access,0.0
Adventure;Casual;Free to Play;Indie;RPG;Simulation,0.0
Adventure;Casual;Free to Play;Indie;RPG;Simulation;Strategy,0.0
Adventure;Casual;Free to Play;Indie;RPG;Simulation;Strategy;Early Access,0.0
Adventure;Casual;Free to Play;Indie;RPG;Strategy,0.0
Adventure;Casual;Free to Play;Indie;Simulation,0.0
Adventure;Casual;Free to Play;Indie;Simulation;Sports;Strategy,0.0
Adventure;Casual;Free to Play;Indie;Strategy,0.0
Adventure;Casual;Free to Play;Indie;Strategy;Early Access,0.0
Adventure;Casual;Free to Play;Massively Multiplayer;RPG,0.0
Adventure;Casual;Free to Play;Massively Multiplayer;RPG;Simulation;Sports;Early Access,0.0
Adventure;Casual;Free to Play;Massively Multiplayer;Simulation;Sports;Early Access,0.0
Adventure;Casual;Free to Play;RPG,0.0
Adventure;Casual;Free to Play;Simulation,0.0
Adventure;Casual;Free to Play;Sports,0.0
Adventure;Casual;Free to Play;Strategy,0.0
Adventure;Casual;Indie,4.528263682640564
Adventure;Casual;Indie;Animation & Modeling;Education;Video Production,0.7900000214576721
Adventure;Casual;Indie;Early Access,5.770799942016602
Adventure;Casual;Indie;Massively Multiplayer,0.7900000214576721
Adventure;Casual;Indie;Massively Multiplayer;RPG,2.0899999141693115
Adventure;Casual;Indie;Massively Multiplayer;RPG;Simulation;Sports;Strategy,0.7900000214576721
Adventure;Casual;Indie;Massively Multiplayer;RPG;Strategy,0.0
Adventure;Casual;Indie;Massively Multiplayer;RPG;Strategy;Early Access,1.690000057220459
Adventure;Casual;Indie;Massively Multiplayer;Simulation,1.690000057220459
Adventure;Casual;Indie;Massively Multiplayer;Strategy;Early Access,1.9950000047683716
Adventure;Casual;Indie;RPG,4.687676005380254
Adventure;Casual;Indie;RPG;Early Access,5.311000007390976
Adventure;Casual;Indie;RPG;Simulation,6.1175862016349
Adventure;Casual;Indie;RPG;Simulation;Early Access,5.749999994039536
Adventure;Casual;Indie;RPG;Simulation;Sports,6.39000004529953
Adventure;Casual;Indie;RPG;Simulation;Sports;Strategy,2.490000009536743
Adventure;Casual;Indie;RPG;Simulation;Strategy,3.938684195280075
Adventure;Casual;Indie;RPG;Simulation;Strategy;Early Access,11.390000343322754
Adventure;Casual;Indie;RPG;Sports,2.890000104904175
Adventure;Casual;Indie;RPG;Strategy,4.191639299275445
Adventure;Casual;Indie;RPG;Strategy;Early Access,6.714999929070473
Adventure;Casual;Indie;Racing,2.4227272868156433
Adventure;Casual;Indie;Racing;Early Access,0.7900000214576721
Adventure;Casual;Indie;Racing;RPG;Simulation;Strategy,2.890000104904175
Adventure;Casual;Indie;Racing;Simulation,6.989999890327454
Adventure;Casual;Indie;Racing;Simulation;Early Access,0.7900000214576721
Adventure;Casual;Indie;Racing;Simulation;Sports,2.840000033378601
Adventure;Casual;Indie;Racing;Simulation;Sports;Early Access,4.789999961853027
Adventure;Casual;Indie;Racing;Simulation;Sports;Strategy,0.7900000214576721
Adventure;Casual;Indie;Racing;Strategy,5.789999961853027
Adventure;Casual;Indie;Simulation,5.769787282808452
Adventure;Casual;Indie;Simulation;Accounting,2.0899999141693115
Adventure;Casual;Indie;Simulation;Early Access,6.731000018119812
Adventure;Casual;Indie;Simulation;Sports,2.5399999991059303
Adventure;Casual;Indie;Simulation;Sports;Strategy,2.002500005066395
Adventure;Casual;Indie;Simulation;Strategy,3.7676922793571768
Adventure;Casual;Indie;Simulation;Strategy;Early Access,7.729999923706055
Adventure;Casual;Indie;Sports,2.310000014305115
Adventure;Casual;Indie;Sports;Early Access,7.190000057220459
Adventure;Casual;Indie;Sports;Strategy,1.7900000214576721
Adventure;Casual;Indie;Strategy,3.6338181679899044
Adventure;Casual;Indie;Strategy;Early Access,4.632857118334089
Adventure;Casual;Massively Multiplayer;Simulation,7.190000057220459
Adventure;Casual;RPG,3.7066666583220163
Adventure;Casual;RPG;Early Access,3.990000009536743
Adventure;Casual;RPG;Simulation,11.84249997138977
Adventure;Casual;RPG;Simulation;Strategy,11.18999989827474
Adventure;Casual;RPG;Strategy,5.209999942779541
Adventure;Casual;Racing,4.245000004768372
Adventure;Casual;Simulation,9.57774996459484
Adventure;Casual;Simulation;Design & Illustration,0.0
Adventure;Casual;Simulation;Early Access,5.590000152587891
Adventure;Casual;Simulation;Strategy,3.2476923121855807
Adventure;Casual;Sports,3.990000009536743
Adventure;Casual;Strategy,6.217272606762973
Adventure;Casual;Strategy;Early Access,14.489999771118164
Adventure;Early Access,5.967777788639069
Adventure;Free to Play,0.0
Adventure;Free to Play;Indie,0.0
Adventure;Free to Play;Indie;Early Access,0.0
Adventure;Free to Play;Indie;Massively Multiplayer,0.0
Adventure;Free to Play;Indie;Massively Multiplayer;RPG,0.0
Adventure;Free to Play;Indie;Massively Multiplayer;RPG;Early Access,0.0
Adventure;Free to Play;Indie;Massively Multiplayer;RPG;Strategy,0.0
Adventure;Free to Play;Indie;RPG,0.08047619320097424
Adventure;Free to Play;Indie;RPG;Early Access,0.0
Adventure;Free to Play;Indie;RPG;Simulation;Strategy,0.0
Adventure;Free to Play;Indie;RPG;Strategy,0.3380000114440918
Adventure;Free to Play;Indie;Simulation,0.0
Adventure;Free to Play;Indie;Strategy;Early Access,0.0
Adventure;Free to Play;Massively Multiplayer,0.0
Adventure;Free to Play;Massively Multiplayer;RPG,0.0
Adventure;Free to Play;Massively Multiplayer;RPG;Simulation;Early Access,0.0
Adventure;Free to Play;Massively Multiplayer;RPG;Strategy,0.0
Adventure;Free to Play;RPG,0.0
Adventure;Free to Play;RPG;Simulation;Strategy;Early Access,0.0
Adventure;Free to Play;RPG;Strategy,0.0
Adventure;Free to Play;RPG;Strategy;Early Access,0.0
Adventure;Free to Play;Simulation,0.5700000013623919
Adventure;Free to Play;Simulation;Strategy,0.0
Adventure;Free to Play;Sports,0.0
Adventure;Indie,5.835039458220417
Adventure;Indie;Casual,4.389999866485596
Adventure;Indie;Early Access,9.141851920772481
Adventure;Indie;Massively Multiplayer,1.8566666841506958
Adventure;Indie;Massively Multiplayer;RPG,0.0
Adventure;Indie;Massively Multiplayer;RPG;Early Access,15.489999771118164
Adventure;Indie;Massively Multiplayer;RPG;Simulation;Early Access,10.989999771118164
Adventure;Indie;Massively Multiplayer;RPG;Simulation;Strategy;Early Access,14.989999771118164
Adventure;Indie;Massively Multiplayer;RPG;Strategy,10.056666612625122
Adventure;Indie;RPG,4.951784880264945
Adventure;Indie;RPG;Early Access,7.44599995136261
Adventure;Indie;RPG;Simulation,6.694761849585033
Adventure;Indie;RPG;Simulation;Early Access,8.037142821720668
Adventure;Indie;RPG;Simulation;Strategy,7.334999924898147
Adventure;Indie;RPG;Simulation;Strategy;Early Access,7.0149999260902405
Adventure;Indie;RPG;Strategy,8.255348766265913
Adventure;Indie;RPG;Strategy;Early Access,11.789999995912824
Adventure;Indie;Racing,4.839999973773956
Adventure;Indie;Racing;Early Access,6.5899999141693115
Adventure;Indie;Racing;RPG;Simulation;Early Access,9.290000200271606
Adventure;Indie;Racing;Simulation;Early Access,5.190000057220459
Adventure;Indie;Racing;Simulation;Sports,6.989999771118164
Adventure;Indie;Racing;Strategy;Early Access,1.590000033378601
Adventure;Indie;Simulation,5.826033023763294
Adventure;Indie;Simulation;Early Access,10.659999871253968
Adventure;Indie;Simulation;Sports,3.990000009536743
Adventure;Indie;Simulation;Strategy,8.97000000178814
Adventure;Indie;Simulation;Strategy;Early Access,10.173333336909613
Adventure;Indie;Sports,3.990000009536743
Adventure;Indie;Strategy,5.31946664651235
Adventure;Indie;Strategy;Early Access,6.568571448326111
Adventure;Massively Multiplayer,0.7900000214576721
Adventure;Massively Multiplayer;RPG,10.289999961853027
Adventure;Massively Multiplayer;RPG;Simulation;Early Access,23.790000915527344
Adventure;Massively Multiplayer;RPG;Strategy,0.0
Adventure;Massively Multiplayer;Strategy;Early Access,0.0
Adventure;RPG,9.398871031499677
Adventure;RPG;Early Access,9.739999890327454
Adventure;RPG;Simulation,5.649999904632568
Adventure;RPG;Simulation;Strategy,7.989999930063884
Adventure;RPG;Strategy,11.144615283379188
Adventure;RPG;Strategy;Early Access,4.939999938011169
Adventure;Racing,11.65666651725769
Adventure;Racing;Simulation;Sports,39.9900016784668
Adventure;Racing;Sports,7.190000057220459
Adventure;Simulation,8.032083253065744
Adventure;Simulation;Early Access,4.926666696866353
Adventure;Simulation;Sports,14.139999881386757
Adventure;Simulation;Strategy,5.210999941825866
Adventure;Sports,6.289999961853027
Adventure;Strategy,6.912777702013652
Adventure;Strategy;Early Access,0.0
Animation & Modeling,85.98999786376953
Animation & Modeling;Audio Production;Design & Illustration;Education;Early Access,10.989999771118164
Animation & Modeling;Audio Production;Design & Illustration;Utilities;Video Production;Web Publishing,10.989999771118164
Animation & Modeling;Audio Production;Software Training;Utilities;Video Production,22.989999771118164
Animation & Modeling;Audio Production;Utilities,2.0899999141693115
Animation & Modeling;Design & Illustration,21.390000343322754
Animation & Modeling;Design & Illustration;Education,5.190000057220459
Animation & Modeling;Design & Illustration;Education;Software Training;Utilities,47.389999866485596
Animation & Modeling;Design & Illustration;Education;Software Training;Utilities;Early Access,14.994999885559082
Animation & Modeling;Design & Illustration;Education;Software Training;Utilities;Game Development,13.789999961853027
Animation & Modeling;Design & Illustration;Education;Software Training;Utilities;Video Production;Web Publishing;Game Development,46.4900016784668
Animation & Modeling;Design & Illustration;Education;Software Training;Utilities;Web Publishing,60.9900016784668
Animation & Modeling;Design & Illustration;Education;Software Training;Utilities;Web Publishing;Game Development,178.32333119710287
Animation & Modeling;Design & Illustration;Education;Utilities;Early Access,29.989999771118164
Animation & Modeling;Design & Illustration;Education;Utilities;Web Publishing;Game Development,114.98999786376953
Animation & Modeling;Design & Illustration;Game Development,110.49000263214111
Animation & Modeling;Design & Illustration;Photo Editing,6.989999771118164
Animation & Modeling;Design & Illustration;Photo Editing;Software Training;Utilities;Video Production,22.989999771118164
Animation & Modeling;Design & Illustration;Photo Editing;Utilities,2.890000104904175
Animation & Modeling;Design & Illustration;Photo Editing;Utilities;Web Publishing;Game Development,0.0
Animation & Modeling;Design & Illustration;Utilities,12.273333589235941
Animation & Modeling;Design & Illustration;Utilities;Early Access,8.750000381469727
Animation & Modeling;Design & Illustration;Utilities;Video Production,10.989999771118164
Animation & Modeling;Design & Illustration;Utilities;Video Production;Early Access,15.489999771118164
Animation & Modeling;Design & Illustration;Video Production,154.99000549316406
Animation & Modeling;Design & Illustration;Web Publishing,17.389999866485596
Animation & Modeling;Early Access,7.190000057220459
Animation & Modeling;Education;Utilities;Web Publishing,69.98999786376953
Animation & Modeling;Software Training;Utilities;Early Access,2.0899999141693115
Animation & Modeling;Utilities,9.65666667620341
Animation & Modeling;Utilities;Early Access,3.7149999737739563
Animation & Modeling;Utilities;Video Production,1.4450000524520874
Animation & Modeling;Video Production,6.494999885559082
Audio Production,50.48999893665314
Audio Production;Design & Illustration;Utilities;Video Production;Web Publishing,7.989999771118164
Audio Production;Early Access,4.789999961853027
Audio Production;Education;Software Training;Video Production;Web Publishing,14.989999771118164
Audio Production;Utilities,9.21857135636466
Casual,4.593605269856425
Casual;Animation & Modeling;Video Production,0.7900000214576721
Casual;Early Access,5.085294215118184
Casual;Free to Play,0.0
Casual;Free to Play;Early Access,0.0
Casual;Free to Play;Indie,0.009294117899502024
Casual;Free to Play;Indie;Accounting;Animation & Modeling;Audio Production;Design & Illustration;Education;Photo Editing;Software Training;Utilities;Video Production;Web Publishing,0.0
Casual;Free to Play;Indie;Early Access,0.0
Casual;Free to Play;Indie;Massively Multiplayer;RPG,0.0
Casual;Free to Play;Indie;Massively Multiplayer;RPG;Early Access,0.0
Casual;Free to Play;Indie;Massively Multiplayer;RPG;Simulation,0.0
Casual;Free to Play;Indie;Massively Multiplayer;RPG;Strategy,0.0
Casual;Free to Play;Indie;Massively Multiplayer;Simulation,0.0
Casual;Free to Play;Indie;Massively Multiplayer;Simulation;Early Access,0.0
Casual;Free to Play;Indie;Massively Multiplayer;Simulation;Sports;Strategy,9.989999771118164
Casual;Free to Play;Indie;Massively Multiplayer;Strategy,0.0
Casual;Free to Play;Indie;RPG,0.0
Casual;Free to Play;Indie;RPG;Simulation,0.0
Casual;Free to Play;Indie;RPG;Simulation;Strategy,0.0
Casual;Free to Play;Indie;RPG;Simulation;Strategy;Early Access,0.0
Casual;Free to Play;Indie;RPG;Strategy,0.0
Casual;Free to Play;Indie;RPG;Strategy;Accounting;Animation & Modeling;Audio Production;Design & Illustration;Education;Photo Editing;Software Training;Utilities;Video Production;Web Publishing;Game Development,0.0
Casual;Free to Play;Indie;RPG;Strategy;Early Access,0.0
Casual;Free to Play;Indie;Racing,0.0
Casual;Free to Play;Indie;Racing;Early Access,0.0
Casual;Free to Play;Indie;Racing;Simulation,0.0
Casual;Free to Play;Indie;Racing;Simulation;Early Access,0.0
Casual;Free to Play;Indie;Racing;Sports,0.0
Casual;Free to Play;Indie;Racing;Strategy,0.0
Casual;Free to Play;Indie;Simulation,0.0
Casual;Free to Play;Indie;Simulation;Early Access,0.0
Casual;Free to Play;Indie;Simulation;Sports,0.0
Casual;Free to Play;Indie;Simulation;Sports;Early Access,0.0
Casual;Free to Play;Indie;Simulation;Sports;Strategy,0.0
Casual;Free to Play;Indie;Simulation;Strategy,1.1099999745686848
Casual;Free to Play;Indie;Simulation;Strategy;Early Access,0.0
Casual;Free to Play;Indie;Sports,0.0
Casual;Free to Play;Indie;Sports;Early Access,0.0
Casual;Free to Play;Indie;Strategy,0.0
Casual;Free to Play;Indie;Strategy;Early Access,0.0
Casual;Free to Play;Massively Multiplayer,0.0
Casual;Free to Play;Massively Multiplayer;Early Access,0.0
Casual;Free to Play;Massively Multiplayer;Education,0.0
Casual;Free to Play;Massively Multiplayer;RPG,0.0
Casual;Free to Play;Massively Multiplayer;RPG;Sports;Early Access,0.0
Casual;Free to Play;Massively Multiplayer;Simulation,0.0
Casual;Free to Play;Massively Multiplayer;Simulation;Sports,0.0
Casual;Free to Play;Massively Multiplayer;Simulation;Sports;Strategy,0.0
Casual;Free to Play;Massively Multiplayer;Simulation;Strategy,0.0
Casual;Free to Play;Massively Multiplayer;Sports;Strategy,0.0
Casual;Free to Play;Massively Multiplayer;Strategy,0.0
Casual;Free to Play;RPG,0.0
Casual;Free to Play;RPG;Simulation,0.0
Casual;Free to Play;RPG;Simulation;Strategy,0.0
Casual;Free to Play;Simulation,0.0
Casual;Free to Play;Simulation;Early Access,0.0
Casual;Free to Play;Simulation;Sports,0.0
Casual;Free to Play;Simulation;Strategy,0.0
Casual;Free to Play;Sports,0.0
Casual;Free to Play;Sports;Strategy,0.0
Casual;Free to Play;Strategy,0.0
Casual;Free to Play;Strategy;Early Access,0.0
Casual;Indie,2.5877793347202864
Casual;Indie;Accounting;Design & Illustration;Software Training;Web Publishing;Documentary;Tutorial,3.9800000190734863
Casual;Indie;Audio Production;Early Access,10.989999771118164
Casual;Indie;Early Access,4.100816322832691
Casual;Indie;Education,39.9900016784668
Casual;Indie;Massively Multiplayer,0.7900000214576721
Casual;Indie;Massively Multiplayer;Early Access,1.5233333309491475
Casual;Indie;Massively Multiplayer;RPG;Early Access,10.789999842643738
Casual;Indie;Massively Multiplayer;Racing,4.389999985694885
Casual;Indie;Massively Multiplayer;Simulation;Early Access,0.0
Casual;Indie;Massively Multiplayer;Simulation;Sports;Early Access,5.989999771118164
Casual;Indie;Massively Multiplayer;Simulation;Strategy,1.690000057220459
Casual;Indie;Massively Multiplayer;Sports;Strategy,0.7900000214576721
Casual;Indie;Massively Multiplayer;Strategy,2.590000021457672
Casual;Indie;Massively Multiplayer;Strategy;Early Access,0.0
Casual;Indie;RPG,3.308363625136289
Casual;Indie;RPG;Early Access,4.123333374659221
Casual;Indie;RPG;Simulation,3.81527774532636
Casual;Indie;RPG;Simulation;Early Access,6.423333326975505
Casual;Indie;RPG;Simulation;Sports;Strategy,4.9899998505910235
Casual;Indie;RPG;Simulation;Strategy,3.8904545307159424
Casual;Indie;RPG;Simulation;Strategy;Early Access,7.689999938011169
Casual;Indie;RPG;Strategy,5.012727217240767
Casual;Indie;RPG;Strategy;Early Access,8.989999771118164
Casual;Indie;Racing,3.0917543936194036
Casual;Indie;Racing;Early Access,8.139999866485596
Casual;Indie;Racing;RPG;Simulation;Sports,1.690000057220459
Casual;Indie;Racing;Simulation,1.5677778058581882
Casual;Indie;Racing;Simulation;Early Access,14.989999771118164
Casual;Indie;Racing;Simulation;Sports,2.4566667079925537
Casual;Indie;Racing;Simulation;Sports;Early Access,6.123333474000295
Casual;Indie;Racing;Sports,3.330000013113022
Casual;Indie;Racing;Sports;Early Access,6.526666800181071
Casual;Indie;Racing;Strategy,9.289999961853027
Casual;Indie;Racing;Strategy;Early Access,7.190000057220459
Casual;Indie;Simulation,3.9529329520031062
Casual;Indie;Simulation;Animation & Modeling;Design & Illustration,0.0
Casual;Indie;Simulation;Audio Production,0.7900000214576721
Casual;Indie;Simulation;Early Access,7.684727177836678
Casual;Indie;Simulation;Education,7.190000057220459
Casual;Indie;Simulation;Sports,6.306399953365326
Casual;Indie;Simulation;Sports;Early Access,7.802500117570162
Casual;Indie;Simulation;Sports;Strategy,6.619047562281291
Casual;Indie;Simulation;Strategy,4.702197770495991
Casual;Indie;Simulation;Strategy;Early Access,8.188636335459622
Casual;Indie;Sports,3.531428562743323
Casual;Indie;Sports;Early Access,4.719285666942596
Casual;Indie;Sports;Strategy,3.2757142782211304
Casual;Indie;Sports;Strategy;Early Access,3.0399999618530273
Casual;Indie;Strategy,3.656799979770885
Casual;Indie;Strategy;Early Access,5.3910526319553975
Casual;Indie;Utilities,10.989999771118164
Casual;Massively Multiplayer;Early Access,0.0
Casual;Massively Multiplayer;Simulation,32.9900016784668
Casual;Massively Multiplayer;Simulation;Sports;Early Access,3.990000009536743
Casual;Massively Multiplayer;Simulation;Strategy,2.8233333627382913
Casual;RPG,4.669999945163727
Casual;RPG;Early Access,1.8899999856948853
Casual;RPG;Simulation,7.475714521748679
Casual;RPG;Simulation;Strategy,8.623333295186361
Casual;RPG;Strategy,6.489999771118164
Casual;RPG;Strategy;Early Access,3.990000009536743
Casual;Racing,4.1445454359054565
Casual;Racing;Early Access,0.7900000214576721
Casual;Racing;Simulation,10.890000025431315
Casual;Racing;Simulation;Early Access,0.0
Casual;Racing;Simulation;Sports,8.240000009536743
Casual;Racing;Sports,8.65666651725769
Casual;Simulation,5.407235732892665
Casual;Simulation;Animation & Modeling;Design & Illustration;Utilities,2.0899999141693115
Casual;Simulation;Early Access,4.021538450167729
Casual;Simulation;Sports,8.622272635048086
Casual;Simulation;Sports;Early Access,5.144999980926514
Casual;Simulation;Sports;Strategy,5.889999866485596
Casual;Simulation;Strategy,6.7972726727073844
Casual;Simulation;Strategy;Early Access,10.859999656677246
Casual;Sports,5.449047571136838
Casual;Strategy,6.353673489118109
Casual;Strategy;Early Access,0.8450000286102295
Casual;Strategy;Indie,5.989999771118164
Design & Illustration,11.997999954223634
Design & Illustration;Early Access,12.323333104451498
Design & Illustration;Education;Utilities,30.656665802001953
Design & Illustration;Education;Utilities;Early Access,11.390000343322754
Design & Illustration;Photo Editing,34.993333180745445
Design & Illustration;Utilities,10.989999771118164
Design & Illustration;Utilities;Game Development,46.4900016784668
Design & Illustration;Utilities;Video Production,2.7899999618530273
Design & Illustration;Utilities;Web Publishing,6.989999771118164
Design & Illustration;Utilities;Web Publishing;Early Access,0.0
Design & Illustration;Web Publishing,55.65666834513346
Early Access,7.6287499368190765
Education,1.5466666320959728
Education;Early Access,6.989999771118164
Education;Software Training,8.490000247955322
Education;Software Training;Utilities,0.0
Education;Software Training;Utilities;Video Production,14.989999771118164
Education;Software Training;Utilities;Web Publishing,0.0
Free to Play,0.0
Free to Play;Design & Illustration,0.0
Free to Play;Early Access,0.0
Free to Play;Indie,0.0
Free to Play;Indie;Animation & Modeling;Design & Illustration;Education;Software Training;Utilities;Web Publishing;Early Access,0.0
Free to Play;Indie;Early Access,0.0
Free to Play;Indie;Massively Multiplayer,0.0
Free to Play;Indie;Massively Multiplayer;Early Access,0.0
Free to Play;Indie;Massively Multiplayer;RPG,0.0
Free to Play;Indie;Massively Multiplayer;RPG;Simulation;Strategy,0.0
Free to Play;Indie;Massively Multiplayer;RPG;Simulation;Strategy;Early Access,0.0
Free to Play;Indie;Massively Multiplayer;RPG;Strategy,0.0
Free to Play;Indie;Massively Multiplayer;RPG;Strategy;Early Access,0.0
Free to Play;Indie;Massively Multiplayer;Racing;RPG;Strategy,0.0
Free to Play;Indie;Massively Multiplayer;Simulation,0.0
Free to Play;Indie;Massively Multiplayer;Simulation;Sports;Strategy,0.0
Free to Play;Indie;Massively Multiplayer;Strategy,0.0
Free to Play;Indie;Massively Multiplayer;Strategy;Early Access,0.0
Free to Play;Indie;RPG,0.0
Free to Play;Indie;RPG;Early Access,0.0
Free to Play;Indie;RPG;Simulation,0.0
Free to Play;Indie;RPG;Simulation;Strategy;Early Access,0.0
Free to Play;Indie;RPG;Strategy,0.0
Free to Play;Indie;RPG;Strategy;Early Access,0.0
Free to Play;Indie;Racing,0.0
Free to Play;Indie;Racing;Simulation,0.0
Free to Play;Indie;Racing;Simulation;Sports,0.0
Free to Play;Indie;Racing;Simulation;Sports;Early Access,0.0
Free to Play;Indie;Racing;Sports,0.0
Free to Play;Indie;Racing;Strategy,0.0
Free to Play;Indie;Simulation,0.0
Free to Play;Indie;Simulation;Early Access,6.663333257039388
Free to Play;Indie;Simulation;Sports,0.0
Free to Play;Indie;Simulation;Strategy,0.0
Free to Play;Indie;Simulation;Strategy;Early Access,0.0
Free to Play;Indie;Sports,0.0
Free to Play;Indie;Sports;Early Access,0.0
Free to Play;Indie;Sports;Strategy,0.0
Free to Play;Indie;Strategy,0.024687500670552254
Free to Play;Indie;Strategy;Early Access,0.0
Free to Play;Massively Multiplayer,0.0
Free to Play;Massively Multiplayer;RPG,0.0
Free to Play;Massively Multiplayer;RPG;Early Access,0.0
Free to Play;Massively Multiplayer;RPG;Simulation;Strategy,0.0
Free to Play;Massively Multiplayer;RPG;Strategy,0.0
Free to Play;Massively Multiplayer;RPG;Strategy;Early Access,0.0
Free to Play;Massively Multiplayer;Racing,0.0
Free to Play;Massively Multiplayer;Simulation,0.0
Free to Play;Massively Multiplayer;Simulation;Sports,0.0
Free to Play;Massively Multiplayer;Simulation;Strategy,0.0
Free to Play;Massively Multiplayer;Sports,0.0
Free to Play;Massively Multiplayer;Strategy,0.0
Free to Play;Massively Multiplayer;Strategy;Early Access,0.0
Free to Play;RPG,0.0
Free to Play;RPG;Early Access,0.0
Free to Play;RPG;Simulation,0.0
Free to Play;RPG;Strategy,0.0
Free to Play;RPG;Strategy;Early Access,0.0
Free to Play;Racing;Simulation;Early Access,0.0
Free to Play;Racing;Simulation;Sports,0.0
Free to Play;Racing;Simulation;Sports;Early Access,0.0
Free to Play;Simulation,0.0
Free to Play;Simulation;Animation & Modeling;Design & Illustration;Game Development,0.0
Free to Play;Simulation;Early Access,0.0
Free to Play;Simulation;Sports,0.0
Free to Play;Simulation;Strategy,0.0
Free to Play;Sports,0.0
Free to Play;Sports;Strategy,0.0
Free to Play;Strategy,0.0
Free to Play;Strategy;Early Access,0.0
Gore,14.989999771118164
Gore;Action,11.656666994094849
Gore;Action;Adventure;Casual;Indie,0.7900000214576721
Gore;Action;Adventure;Casual;Indie;Early Access,10.989999771118164
Gore;Action;Adventure;Indie,5.0741666456063585
Gore;Action;Adventure;Indie;Early Access,2.890000104904175
Gore;Action;Adventure;Indie;RPG,6.989999771118164
Gore;Action;Adventure;Indie;RPG;Simulation;Early Access,27.790000915527344
Gore;Action;Adventure;RPG;Early Access,10.989999771118164
Gore;Action;Adventure;Simulation;Strategy,11.390000343322754
Gore;Action;Casual;Indie,3.240000009536743
Gore;Action;Casual;Indie;Strategy,0.7900000214576721
Gore;Action;Early Access,3.990000009536743
Gore;Action;Free to Play;Indie,0.0
Gore;Action;Indie,2.591666658719381
Gore;Action;Indie;RPG,14.994999885559082
Gore;Action;Indie;RPG;Early Access,7.190000057220459
Gore;Action;Indie;Racing;Early Access,2.7899999618530273
Gore;Action;Indie;Strategy,4.540000081062317
Gore;Adventure,11.889999866485596
Gore;Adventure;Casual;Free to Play;Indie,0.0
Gore;Adventure;Casual;Indie,2.764999970793724
Gore;Adventure;Casual;Indie;Simulation,1.690000057220459
Gore;Adventure;Indie,3.081818174232136
Gore;Adventure;Indie;Early Access,5.789999961853027
Gore;Adventure;Indie;RPG,2.3900000154972076
Gore;Adventure;Indie;Racing,0.7900000214576721
Gore;Adventure;Indie;Simulation,1.690000057220459
Gore;Adventure;Simulation,2.0899999141693115
Gore;Casual;Indie;Simulation,2.3900000154972076
Gore;Casual;Indie;Simulation;Strategy,7.989999771118164
Gore;Indie,3.5899999936421714
Gore;Indie;Early Access,3.990000009536743
Gore;Indie;Simulation,1.7899999618530273
Gore;Indie;Simulation;Strategy,9.989999771118164
Gore;Simulation;Strategy,10.289999961853027
Indie,3.9570067841179517
Indie;Animation & Modeling,23.790000915527344
Indie;Audio Production,0.0
Indie;Audio Production;Utilities,4.789999961853027
Indie;Casual,4.581363531676206
Indie;Casual;Sports,13.989999771118164
Indie;Early Access,5.913818155635487
Indie;Massively Multiplayer,1.2400000393390656
Indie;Massively Multiplayer;RPG,6.576666553815206
Indie;Massively Multiplayer;RPG;Early Access,11.639999836683273
Indie;Massively Multiplayer;RPG;Simulation,14.989999771118164
Indie;Massively Multiplayer;RPG;Simulation;Early Access,12.489999771118164
Indie;Massively Multiplayer;RPG;Simulation;Strategy,3.990000009536743
Indie;Massively Multiplayer;RPG;Simulation;Strategy;Early Access,11.390000343322754
Indie;Massively Multiplayer;RPG;Strategy,10.040000021457672
Indie;Massively Multiplayer;RPG;Strategy;Early Access,0.0
Indie;Massively Multiplayer;Racing;Simulation,3.990000009536743
Indie;Massively Multiplayer;Racing;Simulation;Early Access,4.789999961853027
Indie;Massively Multiplayer;Racing;Simulation;Sports,3.990000009536743
Indie;Massively Multiplayer;Simulation,22.739999771118164
Indie;Massively Multiplayer;Simulation;Early Access,7.190000057220459
Indie;Massively Multiplayer;Simulation;Sports;Early Access,11.390000343322754
Indie;Massively Multiplayer;Simulation;Strategy,14.989999771118164
Indie;Massively Multiplayer;Simulation;Strategy;Early Access,9.239999890327454
Indie;Massively Multiplayer;Strategy,7.029999923706055
Indie;Massively Multiplayer;Strategy;Early Access,9.489999890327454
Indie;RPG,5.335902412054016
Indie;RPG;Early Access,6.754999965429306
Indie;RPG;Simulation,6.5191999268531795
Indie;RPG;Simulation;Early Access,9.867777797910902
Indie;RPG;Simulation;Sports;Strategy,11.390000343322754
Indie;RPG;Simulation;Sports;Strategy;Early Access,15.489999771118164
Indie;RPG;Simulation;Strategy,8.869705776957904
Indie;RPG;Simulation;Strategy;Early Access,8.923333187898
Indie;RPG;Sports;Strategy,15.489999771118164
Indie;RPG;Strategy,8.359469622373581
Indie;RPG;Strategy;Early Access,9.00481476827904
Indie;Racing,5.324999962747097
Indie;Racing;Early Access,5.301111062367757
Indie;Racing;RPG;Simulation,1.9900000095367432
Indie;Racing;RPG;Sports,5.789999961853027
Indie;Racing;Simulation,12.009999799728394
Indie;Racing;Simulation;Early Access,8.47571417263576
Indie;Racing;Simulation;Sports,4.609999972581863
Indie;Racing;Simulation;Sports;Early Access,10.43999981880188
Indie;Racing;Simulation;Strategy,1.690000057220459
Indie;Racing;Sports,6.168571306126458
Indie;Racing;Sports;Early Access,8.464999973773956
Indie;Racing;Sports;Strategy;Early Access,6.989999771118164
Indie;Racing;Strategy,10.989999771118164
Indie;Simulation,7.059423052634184
Indie;Simulation;Animation & Modeling;Video Production;Early Access,11.390000343322754
Indie;Simulation;Audio Production;Early Access,8.339999914169312
Indie;Simulation;Early Access,8.418846138394796
Indie;Simulation;Education;Early Access,3.990000009536743
Indie;Simulation;Sports,8.644390260300986
Indie;Simulation;Sports;Early Access,12.423333247502645
Indie;Simulation;Sports;Strategy,14.28259265202063
Indie;Simulation;Sports;Strategy;Early Access,8.758333245913187
Indie;Simulation;Strategy,9.459151714774114
Indie;Simulation;Strategy;Early Access,10.36705121703637
Indie;Sports,6.20999996860822
Indie;Sports;Early Access,7.164999961853027
Indie;Sports;Strategy,8.601999855041504
Indie;Sports;Strategy;Early Access,7.989999771118164
Indie;Strategy,7.183031122002318
Indie;Strategy;Early Access,7.077068939291197
Massively Multiplayer;Early Access,5.340000152587891
Massively Multiplayer;RPG,12.489999771118164
Massively Multiplayer;RPG;Early Access,4.994999885559082
Massively Multiplayer;RPG;Strategy,0.0
Massively Multiplayer;RPG;Utilities;Early Access,0.0
Massively Multiplayer;Racing,33.9900016784668
Massively Multiplayer;Racing;Simulation;Sports,8.067499876022339
Massively Multiplayer;Racing;Strategy,0.0
Massively Multiplayer;Simulation;Sports;Early Access,0.7900000214576721
Massively Multiplayer;Strategy,7.190000057220459
Nudity;Action,22.989999771118164
Nudity;Action;Adventure,5.489999890327454
Nudity;Action;Adventure;Casual;Indie;Simulation;Early Access,3.990000009536743
Nudity;Action;Adventure;Free to Play;Massively Multiplayer;RPG,0.0
Nudity;Action;Adventure;Indie,2.0899999141693115
Nudity;Action;Casual,7.989999771118164
Nudity;Action;Casual;Indie,8.089999914169312
Nudity;Action;Indie,6.989999771118164
Nudity;Action;Indie;Early Access,11.390000343322754
Nudity;Adventure,15.351999855041504
Nudity;Adventure;Casual,6.989999771118164
Nudity;Adventure;Casual;Free to Play;Indie,0.0
Nudity;Adventure;Casual;Indie,3.1233332753181458
Nudity;Adventure;Casual;Indie;Early Access,4.789999961853027
Nudity;Adventure;Casual;Indie;RPG,1.690000057220459
Nudity;Adventure;Casual;Indie;RPG;Early Access,3.990000009536743
Nudity;Adventure;Casual;Indie;RPG;Simulation,2.0899999141693115
Nudity;Adventure;Indie;Early Access,0.7900000214576721
Nudity;Adventure;RPG;Strategy;Early Access,6.989999771118164
Nudity;Casual,6.989999771118164
Nudity;Casual;Free to Play,0.0
Nudity;Casual;Indie,3.2650000005960464
Nudity;Casual;Indie;Simulation,0.7900000214576721
Nudity;Casual;Indie;Sports,2.0899999141693115
Nudity;Casual;Indie;Strategy,2.3900000154972076
Nudity;Casual;Simulation,2.890000104904175
Nudity;Free to Play;Indie;Simulation,0.0
Nudity;Free to Play;Simulation,0.0
Nudity;Gore;Action;Adventure;Indie,0.7950000166893005
Nudity;Gore;Action;Indie,3.990000009536743
Nudity;Gore;Adventure;Casual;Indie,3.189999997615814
Nudity;Indie,5.590000033378601
Nudity;Indie;RPG,6.989999771118164
Nudity;RPG,20.840000867843628
Nudity;Simulation,7.190000057220459
Nudity;Violent;Action;Adventure;Casual;Indie;Simulation,1.690000057220459
Nudity;Violent;Action;Adventure;Indie,5.190000057220459
Nudity;Violent;Action;Adventure;Indie;Racing;Simulation;Early Access,1.9900000095367432
Nudity;Violent;Action;Adventure;RPG,5.489999890327454
Nudity;Violent;Action;Indie;Early Access,7.190000057220459
Nudity;Violent;Action;Indie;RPG,7.190000057220459
Nudity;Violent;Action;RPG;Strategy,7.190000057220459
Nudity;Violent;Adventure,4.789999961853027
Nudity;Violent;Adventure;Casual,8.489999771118164
Nudity;Violent;Adventure;Casual;Indie;Simulation,3.0
Nudity;Violent;Adventure;Indie,4.590000132719676
Nudity;Violent;Adventure;Indie;RPG,2.9266666968663535
Nudity;Violent;Casual;Indie;Simulation,6.989999771118164
Nudity;Violent;Free to Play;Indie;RPG;Simulation;Strategy,0.0
Nudity;Violent;Gore;Action,15.589999854564667
Nudity;Violent;Gore;Action;Adventure,17.356666485468548
Nudity;Violent;Gore;Action;Adventure;Casual;Indie;RPG;Simulation;Strategy,0.7900000214576721
Nudity;Violent;Gore;Action;Adventure;Indie,12.709999942779541
Nudity;Violent;Gore;Action;Adventure;Indie;Early Access,7.190000057220459
Nudity;Violent;Gore;Action;Adventure;Indie;Massively Multiplayer;Racing;RPG;Simulation;Early Access,9.289999961853027
Nudity;Violent;Gore;Action;Adventure;Indie;RPG,9.089999914169312
Nudity;Violent;Gore;Action;Adventure;Indie;RPG;Simulation;Strategy;Early Access,11.489999890327454
Nudity;Violent;Gore;Action;Casual,5.090000033378601
Nudity;Violent;Gore;Action;Casual;Indie,0.7900000214576721
Nudity;Violent;Gore;Action;Indie,7.0899999141693115
Nudity;Violent;Gore;Action;Indie;Early Access,1.690000057220459
Nudity;Violent;Gore;Action;Indie;Simulation,3.4399999380111694
Nudity;Violent;Gore;Action;RPG,22.989999771118164
Nudity;Violent;Gore;Adventure;Casual;Simulation,4.989999771118164
Nudity;Violent;Gore;Adventure;Indie,4.989999771118164
Nudity;Violent;Gore;Casual;Indie,0.7900000214576721
Nudity;Violent;Gore;Indie;Early Access,5.590000152587891
Nudity;Violent;Indie,3.990000009536743
Nudity;Violent;Indie;Massively Multiplayer;Early Access,3.990000009536743
Photo Editing;Utilities;Video Production,6.989999771118164
RPG,10.157198306301545
RPG;Casual;Adventure,6.989999771118164
RPG;Early Access,11.098333229621252
RPG;Indie,4.659999926884969
RPG;Indie;Casual,14.989999771118164
RPG;Simulation,10.657777865727743
RPG;Simulation;Sports,11.390000343322754
RPG;Simulation;Strategy,10.973333184917768
RPG;Simulation;Strategy;Early Access,17.989999771118164
RPG;Sports;Strategy,6.989999771118164
RPG;Strategy,10.640632844423946
RPG;Strategy;Early Access,10.989999771118164
Racing,10.449268279279151
Racing;Early Access,2.8583333094914756
Racing;RPG;Simulation;Early Access,14.989999771118164
Racing;Simulation,7.882307777037988
Racing;Simulation;Early Access,10.149999856948853
Racing;Simulation;Sports,18.40086226730511
Racing;Simulation;Sports;Early Access,12.265000462532043
Racing;Simulation;Sports;Strategy,19.989999771118164
Racing;Simulation;Strategy;Early Access,3.990000009536743
Racing;Sports,13.037368288165645
Racing;Sports;Early Access,9.989999771118164
Sexual Content;Action,0.7900000214576721
Sexual Content;Action;Adventure;Casual;Indie;RPG;Early Access,2.0899999141693115
Sexual Content;Action;Adventure;Indie;RPG,0.7900000214576721
Sexual Content;Action;Adventure;Indie;Racing;Simulation;Sports,0.7900000214576721
Sexual Content;Action;Casual;Indie,5.590000033378601
Sexual Content;Action;Casual;Indie;Simulation;Strategy;Early Access,2.890000104904175
Sexual Content;Action;Indie,1.690000057220459
Sexual Content;Action;Strategy,6.190000057220459
Sexual Content;Adventure,23.790000915527344
Sexual Content;Adventure;Casual,11.989999850591024
Sexual Content;Adventure;Casual;Indie,7.672000074386597
Sexual Content;Adventure;Free to Play;Indie,0.0
Sexual Content;Adventure;Free to Play;Indie;Simulation,0.0
Sexual Content;Adventure;Indie,3.990000009536743
Sexual Content;Adventure;Indie;RPG,1.690000057220459
Sexual Content;Adventure;RPG;Strategy,19.489999771118164
Sexual Content;Adventure;Simulation,14.989999771118164
Sexual Content;Casual,1.6349999904632568
Sexual Content;Casual;Free to Play;Indie,0.0
Sexual Content;Casual;Indie,3.9524999409914017
Sexual Content;Casual;Indie;Simulation,7.12333345413208
Sexual Content;Casual;Indie;Simulation;Sports,3.190000057220459
Sexual Content;Free to Play;Indie,0.0
Sexual Content;Free to Play;Indie;RPG,0.0
Sexual Content;Free to Play;Indie;Simulation,0.0
Sexual Content;Gore;Adventure;Indie,14.989999771118164
Sexual Content;Gore;RPG;Simulation;Strategy,14.489999771118164
Sexual Content;Indie,5.389999896287918
Sexual Content;Indie;RPG,10.289999961853027
Sexual Content;Indie;Simulation,14.6899995803833
Sexual Content;Nudity,2.0899999141693115
Sexual Content;Nudity;Action,22.989999771118164
Sexual Content;Nudity;Action;Adventure;Indie,3.190000057220459
Sexual Content;Nudity;Action;Adventure;Indie;RPG,9.239999890327454
Sexual Content;Nudity;Action;Adventure;RPG,5.789999961853027
Sexual Content;Nudity;Action;Casual;Free to Play;Indie;Simulation,0.0
Sexual Content;Nudity;Action;Casual;Indie,0.7900000214576721
Sexual Content;Nudity;Action;Casual;Indie;RPG;Simulation;Strategy,24.989999771118164
Sexual Content;Nudity;Action;Casual;Indie;Simulation,3.190000057220459
Sexual Content;Nudity;Action;Indie,6.190000057220459
Sexual Content;Nudity;Action;Indie;RPG,15.489999771118164
Sexual Content;Nudity;Adventure,17.823333740234375
Sexual Content;Nudity;Adventure;Casual,8.959999930858611
Sexual Content;Nudity;Adventure;Casual;Indie,6.006666719913483
Sexual Content;Nudity;Adventure;Casual;Indie;RPG,9.089999914169312
Sexual Content;Nudity;Adventure;Casual;Indie;RPG;Simulation,1.590000033378601
Sexual Content;Nudity;Adventure;Casual;Indie;RPG;Strategy,5.190000057220459
Sexual Content;Nudity;Adventure;Casual;Indie;Simulation,10.989999830722809
Sexual Content;Nudity;Adventure;Casual;Simulation,18.489999771118164
Sexual Content;Nudity;Adventure;Free to Play;Indie;RPG,0.0
Sexual Content;Nudity;Adventure;Indie,9.610000085830688
Sexual Content;Nudity;Adventure;Indie;RPG,14.989999771118164
Sexual Content;Nudity;Adventure;Indie;Simulation;Strategy,3.0999999046325684
Sexual Content;Nudity;Adventure;RPG,2.5449999570846558
Sexual Content;Nudity;Adventure;Simulation,12.123333315054575
Sexual Content;Nudity;Casual,8.423333247502645
Sexual Content;Nudity;Casual;Free to Play;Indie,0.0
Sexual Content;Nudity;Casual;Free to Play;Indie;RPG,0.0
Sexual Content;Nudity;Casual;Indie,6.1138094408171515
Sexual Content;Nudity;Casual;Indie;RPG,2.1900000125169754
Sexual Content;Nudity;Casual;Indie;Simulation,5.618571392127445
Sexual Content;Nudity;Casual;Indie;Simulation;Strategy,0.7900000214576721
Sexual Content;Nudity;Casual;Indie;Strategy,1.690000057220459
Sexual Content;Nudity;Casual;Simulation,9.289999961853027
Sexual Content;Nudity;Gore;Action;Adventure;Casual;Indie;RPG;Simulation,4.789999961853027
Sexual Content;Nudity;Gore;Casual;Indie,2.0899999141693115
Sexual Content;Nudity;Indie,8.18999981880188
Sexual Content;Nudity;Indie;RPG;Simulation,1.690000057220459
Sexual Content;Nudity;Indie;RPG;Simulation;Strategy,18.989999771118164
Sexual Content;Nudity;Indie;Simulation,6.989999771118164
Sexual Content;Nudity;Indie;Strategy,14.989999771118164
Sexual Content;Nudity;RPG,19.489999771118164
Sexual Content;Nudity;Violent;Action;Adventure;Indie,5.990000009536743
Sexual Content;Nudity;Violent;Action;Casual,6.989999771118164
Sexual Content;Nudity;Violent;Action;Casual;Indie,3.990000009536743
Sexual Content;Nudity;Violent;Adventure;Casual,0.7900000214576721
Sexual Content;Nudity;Violent;Adventure;Casual;Indie,0.7900000214576721
Sexual Content;Nudity;Violent;Adventure;Casual;Indie;Simulation,2.5450000166893005
Sexual Content;Nudity;Violent;Adventure;Indie;RPG,3.990000009536743
Sexual Content;Nudity;Violent;Casual;Indie,6.989999771118164
Sexual Content;Nudity;Violent;Casual;Indie;RPG,4.789999961853027
Sexual Content;Nudity;Violent;Gore;Action;Adventure,34.9900016784668
Sexual Content;Nudity;Violent;Gore;Action;Adventure;Casual;Indie;RPG,1.690000057220459
Sexual Content;Nudity;Violent;Gore;Action;Adventure;Casual;Indie;Simulation;Strategy,1.690000057220459
Sexual Content;Nudity;Violent;Gore;Action;Adventure;Indie,12.545000433921814
Sexual Content;Nudity;Violent;Gore;Action;Adventure;Indie;Early Access,2.840000033378601
Sexual Content;Nudity;Violent;Gore;Action;Adventure;Indie;RPG,5.990000009536743
Sexual Content;Nudity;Violent;Gore;Action;Adventure;Indie;RPG;Early Access,6.989999771118164
Sexual Content;Nudity;Violent;Gore;Action;Casual,1.690000057220459
Sexual Content;Nudity;Violent;Gore;Action;Indie,6.289999961853027
Sexual Content;Nudity;Violent;Gore;Adventure;Casual,30.989999771118164
Sexual Content;Nudity;Violent;Gore;Adventure;Free to Play;Indie;RPG,0.0
Sexual Content;Nudity;Violent;Gore;Adventure;Indie,10.989999771118164
Sexual Content;Nudity;Violent;Gore;Adventure;Indie;RPG,0.7900000214576721
Sexual Content;Nudity;Violent;Gore;Adventure;Indie;Simulation;Strategy,3.990000009536743
Sexual Content;Nudity;Violent;Gore;Free to Play;RPG,0.0
Sexual Content;Nudity;Violent;Gore;Indie;Simulation,3.990000009536743
Sexual Content;Nudity;Violent;Gore;RPG,49.9900016784668
Sexual Content;Nudity;Violent;Gore;RPG;Early Access,0.0
Sexual Content;Nudity;Violent;Indie;Simulation,10.989999771118164
Sexual Content;Nudity;Violent;Indie;Simulation;Strategy,7.190000057220459
Sexual Content;RPG,7.889999896287918
Sexual Content;Simulation,3.990000009536743
Sexual Content;Strategy,14.989999771118164
Sexual Content;Violent;Action,11.189999918142954
Sexual Content;Violent;Action;Adventure;Indie,7.190000057220459
Sexual Content;Violent;Action;Casual;Indie,5.789999961853027
Sexual Content;Violent;Action;Indie;Early Access,7.190000057220459
Sexual Content;Violent;Action;Indie;Massively Multiplayer;Racing;RPG;Simulation,6.989999771118164
Sexual Content;Violent;Action;Indie;Simulation,1.690000057220459
Sexual Content;Violent;Adventure;Casual,15.489999771118164
Sexual Content;Violent;Adventure;Casual;Indie;RPG;Simulation,1.690000057220459
Sexual Content;Violent;Adventure;Free to Play;Indie,0.0
Sexual Content;Violent;Adventure;Indie,4.989999771118164
Sexual Content;Violent;Adventure;Indie;Simulation,5.989999771118164
Sexual Content;Violent;Adventure;Indie;Strategy,13.989999771118164
Sexual Content;Violent;Casual;Free to Play;Indie,0.0
Sexual Content;Violent;Casual;Indie,6.190000057220459
Sexual Content;Violent;Free to Play,0.0
Sexual Content;Violent;Gore;Action;Adventure;Casual;Indie;RPG;Strategy,1.690000057220459
Sexual Content;Violent;Gore;Action;Casual;Free to Play;Indie,0.0
Sexual Content;Violent;Gore;Action;Casual;Free to Play;Indie;Strategy,0.0
Sexual Content;Violent;Gore;Adventure;Casual;Indie,4.989999771118164
Sexual Content;Violent;Gore;Adventure;Free to Play;Indie,0.0
Sexual Content;Violent;Gore;Adventure;Indie,4.114999949932098
Sexual Content;Violent;Gore;Adventure;Indie;Early Access,1.590000033378601
Sexual Content;Violent;Gore;Adventure;Indie;RPG;Early Access,1.690000057220459
Sexual Content;Violent;Gore;Adventure;Indie;Simulation,1.690000057220459
Sexual Content;Violent;Gore;Casual,0.7900000214576721
Sexual Content;Violent;Gore;Indie,1.690000057220459
Sexual Content;Violent;Gore;Simulation,0.0
Sexual Content;Violent;Indie,5.489999890327454
Sexual Content;Violent;RPG,3.990000009536743
Simulation,10.656478302027299
Simulation;Early Access,11.34724132768039
Simulation;Education,7.190000057220459
Simulation;Education;Software Training,0.0
Simulation;Sports,14.992692370827381
Simulation;Sports;Early Access,13.440000255902609
Simulation;Sports;Strategy,11.156153678894043
Simulation;Sports;Strategy;Early Access,7.190000057220459
Simulation;Strategy,14.859212105563193
Simulation;Strategy;Early Access,11.07461536847628
Simulation;Utilities,9.989999771118164
Software Training;Utilities,0.0
Sports,13.79682550638441
Sports;Casual,6.989999771118164
Sports;Early Access,4.7119999647140505
Sports;Strategy,9.847142628261022
Sports;Strategy;Early Access,7.989999771118164
Strategy,9.504255262108842
Strategy;Action;Indie,4.789999961853027
Strategy;Casual,6.739999771118164
Strategy;Early Access,8.55550004541874
Strategy;Indie,6.589999834696452
Strategy;Indie;Casual,5.989999890327454
Strategy;RPG,9.989999771118164
Strategy;RPG;Indie,1.5685713972364153
Strategy;Simulation,7.989999771118164
Utilities,5.544736901396199
Utilities;Early Access,2.459999998410543
Utilities;Game Development;Early Access,3.990000009536743
Utilities;Video Production,3.1699999570846558
Utilities;Video Production;Early Access,2.840000033378601
Utilities;Video Production;Web Publishing;Early Access,0.0
Utilities;Web Publishing,6.989999771118164
Video Production,1.3300000031789143
Violent,0.0
Violent;Action,7.82526326493213
Violent;Action;Adventure,16.781666656335194
Violent;Action;Adventure;Casual;Free to Play;Indie;Early Access,0.0
Violent;Action;Adventure;Casual;Indie,3.990000009536743
Violent;Action;Adventure;Casual;Indie;Early Access,7.190000057220459
Violent;Action;Adventure;Casual;Indie;RPG,5.190000057220459
Violent;Action;Adventure;Casual;Indie;RPG;Early Access,4.989999771118164
Violent;Action;Adventure;Casual;Indie;RPG;Simulation;Early Access,6.190000057220459
Violent;Action;Adventure;Casual;Indie;RPG;Simulation;Strategy,3.990000009536743
Violent;Action;Adventure;Casual;Indie;RPG;Strategy,3.990000009536743
Violent;Action;Adventure;Casual;Indie;Racing;RPG;Simulation;Strategy,23.790000915527344
Violent;Action;Adventure;Casual;Indie;Simulation,14.989999771118164
Violent;Action;Adventure;Casual;RPG;Early Access,6.989999771118164
Violent;Action;Adventure;Casual;Simulation;Strategy,1.690000057220459
Violent;Action;Adventure;Early Access,1.3900000154972076
Violent;Action;Adventure;Free to Play;RPG;Simulation,0.0
Violent;Action;Adventure;Indie,3.8829166119297347
Violent;Action;Adventure;Indie;Early Access,1.690000057220459
Violent;Action;Adventure;Indie;Massively Multiplayer;RPG,15.489999771118164
Violent;Action;Adventure;Indie;Massively Multiplayer;RPG;Simulation;Strategy,2.0899999141693115
Violent;Action;Adventure;Indie;Massively Multiplayer;Racing;RPG;Simulation;Sports;Strategy,4.789999961853027
Violent;Action;Adventure;Indie;RPG,2.3900000055631003
Violent;Action;Adventure;Indie;RPG;Early Access,11.390000343322754
Violent;Action;Adventure;Indie;RPG;Simulation,1.590000033378601
Violent;Action;Adventure;Indie;RPG;Simulation;Sports,5.190000057220459
Violent;Action;Adventure;Indie;Simulation,3.889999896287918
Violent;Action;Adventure;Indie;Simulation;Early Access,5.989999771118164
Violent;Action;Adventure;Indie;Simulation;Strategy,3.0399999618530273
Violent;Action;Adventure;Indie;Simulation;Strategy;Early Access,4.789999961853027
Violent;Action;Adventure;Indie;Strategy,4.789999961853027
Violent;Action;Adventure;Indie;Strategy;Early Access,4.989999771118164
Violent;Action;Adventure;RPG,11.15666643778483
Violent;Action;Adventure;RPG;Early Access,7.190000057220459
Violent;Action;Adventure;RPG;Strategy;Early Access,18.989999771118164
Violent;Action;Adventure;Simulation,1.590000033378601
Violent;Action;Adventure;Strategy,22.99000072479248
Violent;Action;Adventure;Strategy;Early Access,10.989999771118164
Violent;Action;Casual,4.114999949932098
Violent;Action;Casual;Early Access,6.989999771118164
Violent;Action;Casual;Free to Play;Indie,0.0
Violent;Action;Casual;Free to Play;Indie;Strategy,0.0
Violent;Action;Casual;Indie,3.6536363580010156
Violent;Action;Casual;Indie;Early Access,5.440000017484029
Violent;Action;Casual;Indie;Massively Multiplayer;Racing,3.990000009536743
Violent;Action;Casual;Indie;Simulation,3.7150000035762787
Violent;Action;Casual;Indie;Simulation;Early Access,10.989999771118164
Violent;Action;Casual;Indie;Simulation;Strategy,2.0899999141693115
Violent;Action;Casual;Indie;Sports,1.690000057220459
Violent;Action;Casual;Indie;Strategy,4.990000009536743
Violent;Action;Casual;Indie;Strategy;Early Access,5.3399999141693115
Violent;Action;Casual;Racing,2.7899999618530273
Violent;Action;Casual;Simulation,4.889999866485596
Violent;Action;Early Access,16.923333485921223
Violent;Action;Free to Play;Indie,0.0
Violent;Action;Free to Play;Indie;Massively Multiplayer,2.0899999141693115
Violent;Action;Free to Play;Massively Multiplayer;Strategy,0.0
Violent;Action;Indie,4.537499989072482
Violent;Action;Indie;Early Access,8.659230805360354
Violent;Action;Indie;Massively Multiplayer,0.0
Violent;Action;Indie;Massively Multiplayer;RPG;Strategy;Early Access,2.0899999141693115
Violent;Action;Indie;RPG;Simulation;Strategy,7.190000057220459
Violent;Action;Indie;RPG;Strategy,3.990000009536743
Violent;Action;Indie;Racing,6.989999771118164
Violent;Action;Indie;Simulation,5.649999952316284
Violent;Action;Indie;Simulation;Early Access,5.789999961853027
Violent;Action;Indie;Simulation;Strategy;Early Access,14.989999771118164
Violent;Action;Indie;Sports;Early Access,8.09000015258789
Violent;Action;Indie;Strategy,3.9899998903274536
Violent;Action;Indie;Strategy;Early Access,6.989999771118164
Violent;Action;Massively Multiplayer,0.0
Violent;Action;Massively Multiplayer;Simulation;Sports,1.590000033378601
Violent;Action;RPG,3.494999885559082
Violent;Action;Racing,12.389999866485596
Violent;Action;Simulation,8.023333152135214
Violent;Action;Simulation;Early Access,3.990000009536743
Violent;Action;Simulation;Sports,7.190000057220459
Violent;Action;Simulation;Strategy,3.490000009536743
Violent;Action;Strategy,4.307142811162131
Violent;Action;Strategy;Early Access,5.989999771118164
Violent;Adventure,9.83999988436699
Violent;Adventure;Casual,8.669999933242797
Violent;Adventure;Casual;Free to Play;Indie,0.0
Violent;Adventure;Casual;Free to Play;Indie;Simulation,0.0
Violent;Adventure;Casual;Indie,3.310000002384186
Violent;Adventure;Casual;Indie;RPG;Simulation,2.0899999141693115
Violent;Adventure;Casual;Indie;RPG;Simulation;Strategy,3.990000009536743
Violent;Adventure;Casual;Indie;Simulation,0.7900000214576721
Violent;Adventure;Casual;Indie;Strategy;Early Access,5.190000057220459
Violent;Adventure;Casual;Simulation,7.389999866485596
Violent;Adventure;Free to Play;Indie,0.0
Violent;Adventure;Free to Play;Indie;RPG;Early Access,0.0
Violent;Adventure;Free to Play;Massively Multiplayer;RPG;Strategy,0.0
Violent;Adventure;Indie,6.0239999453226725
Violent;Adventure;Indie;Early Access,7.190000057220459
Violent;Adventure;Indie;RPG,3.990000009536743
Violent;Adventure;Indie;RPG;Simulation,7.989999771118164
Violent;Adventure;Indie;RPG;Strategy,13.989999771118164
Violent;Adventure;Indie;Simulation,22.989999771118164
Violent;Adventure;Indie;Simulation;Strategy;Early Access,5.989999771118164
Violent;Adventure;RPG,6.989999771118164
Violent;Casual;Indie,8.289999961853027
Violent;Casual;Indie;Strategy,5.490000009536743
Violent;Casual;RPG;Simulation;Strategy,3.990000009536743
Violent;Free to Play;Indie;Strategy,0.0
Violent;Free to Play;Indie;Strategy;Early Access,0.0
Violent;Gore,0.0
Violent;Gore;Action,7.2299999505281445
Violent;Gore;Action;Adventure,6.962727232412859
Violent;Gore;Action;Adventure;Casual,7.539999961853027
Violent;Gore;Action;Adventure;Casual;Early Access,11.390000343322754
Violent;Gore;Action;Adventure;Casual;Indie,2.963636344129389
Violent;Gore;Action;Adventure;Casual;Indie;Massively Multiplayer;RPG;Early Access,7.190000057220459
Violent;Gore;Action;Adventure;Casual;Indie;Massively Multiplayer;RPG;Strategy;Early Access,0.7900000214576721
Violent;Gore;Action;Adventure;Casual;Indie;RPG,3.990000009536743
Violent;Gore;Action;Adventure;Casual;Indie;RPG;Early Access,13.489999771118164
Violent;Gore;Action;Adventure;Casual;Indie;RPG;Strategy,0.7900000214576721
Violent;Gore;Action;Adventure;Casual;Indie;Racing,3.990000009536743
Violent;Gore;Action;Adventure;Casual;Indie;Racing;Simulation;Sports,0.7900000214576721
Violent;Gore;Action;Adventure;Casual;Indie;Racing;Sports,0.7900000214576721
Violent;Gore;Action;Adventure;Casual;Indie;Simulation,15.489999771118164
Violent;Gore;Action;Adventure;Casual;Indie;Simulation;Strategy;Video Production,0.0
Violent;Gore;Action;Adventure;Casual;Indie;Strategy,6.490000009536743
Violent;Gore;Action;Adventure;Casual;RPG,6.989999771118164
Violent;Gore;Action;Adventure;Casual;Sports,4.789999961853027
Violent;Gore;Action;Adventure;Early Access,0.7900000214576721
Violent;Gore;Action;Adventure;Free to Play,0.0
Violent;Gore;Action;Adventure;Free to Play;Indie,0.0
Violent;Gore;Action;Adventure;Free to Play;Indie;RPG;Early Access,0.0
Violent;Gore;Action;Adventure;Indie,5.33871792218624
Violent;Gore;Action;Adventure;Indie;Early Access,5.312222169505225
Violent;Gore;Action;Adventure;Indie;Massively Multiplayer,154.99000549316406
Violent;Gore;Action;Adventure;Indie;Massively Multiplayer;RPG;Simulation;Early Access,19.989999771118164
Violent;Gore;Action;Adventure;Indie;RPG,5.451538406885588
Violent;Gore;Action;Adventure;Indie;RPG;Early Access,10.639999866485596
Violent;Gore;Action;Adventure;Indie;RPG;Simulation;Strategy;Early Access,14.989999771118164
Violent;Gore;Action;Adventure;Indie;RPG;Strategy,4.590000033378601
Violent;Gore;Action;Adventure;Indie;Racing,2.0899999141693115
Violent;Gore;Action;Adventure;Indie;Racing;RPG;Simulation;Strategy,2.0899999141693115
Violent;Gore;Action;Adventure;Indie;Simulation,4.889999968664987
Violent;Gore;Action;Adventure;Indie;Simulation;Early Access,6.790000120798747
Violent;Gore;Action;Adventure;Indie;Simulation;Strategy,11.390000343322754
Violent;Gore;Action;Adventure;Indie;Strategy,3.990000009536743
Violent;Gore;Action;Adventure;Indie;Strategy;Early Access,11.390000343322754
Violent;Gore;Action;Adventure;RPG,10.139999866485596
Violent;Gore;Action;Adventure;RPG;Simulation,5.789999961853027
Violent;Gore;Action;Adventure;RPG;Simulation;Strategy;Early Access,5.789999961853027
Violent;Gore;Action;Adventure;Simulation,14.989999771118164
Violent;Gore;Action;Adventure;Strategy,0.0
Violent;Gore;Action;Adventure;Strategy;Early Access,6.989999771118164
Violent;Gore;Action;Casual;Early Access,3.990000009536743
Violent;Gore;Action;Casual;Indie,2.804285764694214
Violent;Gore;Action;Casual;Indie;Early Access,3.4566666086514792
Violent;Gore;Action;Casual;Indie;Racing,11.390000343322754
Violent;Gore;Action;Casual;Indie;Strategy;Early Access,0.0
Violent;Gore;Action;Casual;Sports,3.990000009536743
Violent;Gore;Action;Casual;Strategy,1.690000057220459
Violent;Gore;Action;Free to Play,0.0
Violent;Gore;Action;Free to Play;Indie,0.0
Violent;Gore;Action;Free to Play;Indie;Massively Multiplayer,0.0
Violent;Gore;Action;Indie,4.813392875449998
Violent;Gore;Action;Indie;Early Access,5.43363636190241
Violent;Gore;Action;Indie;Massively Multiplayer,6.989999771118164
Violent;Gore;Action;Indie;Massively Multiplayer;Early Access,0.7900000214576721
Violent;Gore;Action;Indie;Massively Multiplayer;RPG;Simulation;Strategy,3.990000009536743
Violent;Gore;Action;Indie;RPG,10.390000104904175
Violent;Gore;Action;Indie;RPG;Early Access,15.239999771118164
Violent;Gore;Action;Indie;RPG;Simulation;Early Access,15.489999771118164
Violent;Gore;Action;Indie;RPG;Strategy,5.190000057220459
Violent;Gore;Action;Indie;RPG;Strategy;Early Access,7.190000057220459
Violent;Gore;Action;Indie;Racing,3.856666644414266
Violent;Gore;Action;Indie;Simulation,7.4499999523162845
Violent;Gore;Action;Indie;Simulation;Sports;Early Access,4.789999961853027
Violent;Gore;Action;Indie;Simulation;Sports;Strategy,6.989999771118164
Violent;Gore;Action;Indie;Sports;Strategy,0.0
Violent;Gore;Action;Indie;Strategy,10.756666660308838
Violent;Gore;Action;Massively Multiplayer;RPG;Simulation,3.990000009536743
Violent;Gore;Action;Simulation;Sports,0.7900000214576721
Violent;Gore;Action;Strategy;Early Access,2.890000104904175
Violent;Gore;Adventure,10.47199993133545
Violent;Gore;Adventure;Casual;Free to Play;Indie,0.0
Violent;Gore;Adventure;Casual;Indie,1.9150000363588333
Violent;Gore;Adventure;Casual;Indie;RPG,5.190000057220459
Violent;Gore;Adventure;Casual;Indie;Strategy,2.890000104904175
Violent;Gore;Adventure;Casual;RPG,0.7900000214576721
Violent;Gore;Adventure;Free to Play;Indie,0.0
Violent;Gore;Adventure;Indie,4.484444436099794
Violent;Gore;Adventure;Indie;Early Access,4.989999890327454
Violent;Gore;Adventure;Indie;RPG,3.2233332693576813
Violent;Gore;Adventure;Indie;RPG;Early Access,13.59000015258789
Violent;Gore;Adventure;Indie;Simulation,3.556666632493337
Violent;Gore;Adventure;Indie;Simulation;Strategy,3.990000009536743
Violent;Gore;Adventure;Indie;Strategy,3.990000009536743
Violent;Gore;Adventure;Indie;Strategy;Early Access,13.0
Violent;Gore;Adventure;RPG,12.740000486373901
Violent;Gore;Casual,0.7900000214576721
Violent;Gore;Casual;Free to Play;Indie;Strategy,0.0
Violent;Gore;Casual;Indie,6.090000182390213
Violent;Gore;Casual;Indie;RPG;Simulation;Early Access,10.289999961853027
Violent;Gore;Casual;Indie;Simulation;Sports,2.7899999618530273
Violent;Gore;Casual;Indie;Strategy,2.890000104904175
Violent;Gore;Indie,3.931333339214325
Violent;Gore;Indie;Early Access,5.990000009536743
Violent;Gore;Indie;Massively Multiplayer;Early Access,4.789999961853027
Violent;Gore;Indie;Sports,2.890000104904175
Violent;Gore;Indie;Strategy,10.989999771118164
Violent;Gore;RPG;Early Access,1.9900000095367432
Violent;Gore;Simulation;Early Access,0.7900000214576721
Violent;Gore;Strategy,2.7899999618530273
Violent;Indie,3.404285728931427
Violent;Indie;Early Access,7.039999961853027
Violent;Indie;RPG,0.0
Violent;Indie;Strategy;Early Access,6.190000057220459
Violent;RPG,22.440000772476196
Violent;RPG;Strategy,8.59000015258789
Violent;Simulation,3.990000009536743
Violent;Simulation;Early Access,4.789999961853027
Violent;Sports,8.989999771118164
Violent;Strategy,15.489999771118164
Web Publishing,18.989999771118164
